notice_no,notice_id,route_id,route_name,notice_group,notice_name,recommended_rank,public_summary,primary_objective,field_situation,unknown_factor,complication,record_targets,failure_condition,follow_up,public_notice_text
1,notice_001_solver_구조_구호,solver,해결사,민생·구조,구조·구호,하급~중급,구조·구호 공고는 문명권 내부의 피해와 고립 상황을 수습하고 생존자의 증언을 기록하는 공고다.,생존자를 구조하고 현장에서 확인된 증언과 피해 양상을 기록한다.,"현장은 '구조·구호' 성격의 사건으로 분류되며, 문명권 내부의 피해와 고립 상황을 수습하고 생존자의 증언을 기록하는 공고다.","피해가 단순 사고인지, 던전·잔향·공간 왜곡과 연결된 현상인지 확인해야 한다.",현지 주민의 공포와 혼란 때문에 증언이 서로 어긋난다.,"생존자 증언, 피해자 명단, 이동 경로, 현장 오염 흔적",구조 지연으로 민간 피해가 확대되거나 핵심 증언이 사라진다.,잔향·던전·재앙성 흔적이 확인되면 해당 전문 공고로 재분류한다.,"[구조·구호] 구조·구호 공고는 문명권 내부의 피해와 고립 상황을 수습하고 생존자의 증언을 기록하는 공고다. 주요 목표는 생존자를 구조하고 현장에서 확인된 증언과 피해 양상을 기록한다. 확인해야 할 미지는 피해가 단순 사고인지, 던전·잔향·공간 왜곡과 연결된 현상인지 확인해야 한다. 실패 시 구조 지연으로 민간 피해가 확대되거나 핵심 증언이 사라진다."
2,notice_002_solver_소문_괴담_검증,solver,해결사,민생·구조,소문·괴담 검증,하급~중급,소문·괴담 검증 공고는 문명권 내부의 피해와 고립 상황을 수습하고 생존자의 증언을 기록하는 공고다.,생존자를 구조하고 현장에서 확인된 증언과 피해 양상을 기록한다.,"현장은 '소문·괴담 검증' 성격의 사건으로 분류되며, 문명권 내부의 피해와 고립 상황을 수습하고 생존자의 증언을 기록하는 공고다.","피해가 단순 사고인지, 던전·잔향·공간 왜곡과 연결된 현상인지 확인해야 한다.",현지 주민의 공포와 혼란 때문에 증언이 서로 어긋난다.,"생존자 증언, 피해자 명단, 이동 경로, 현장 오염 흔적",구조 지연으로 민간 피해가 확대되거나 핵심 증언이 사라진다.,잔향·던전·재앙성 흔적이 확인되면 해당 전문 공고로 재분류한다.,"[소문·괴담 검증] 소문·괴담 검증 공고는 문명권 내부의 피해와 고립 상황을 수습하고 생존자의 증언을 기록하는 공고다. 주요 목표는 생존자를 구조하고 현장에서 확인된 증언과 피해 양상을 기록한다. 확인해야 할 미지는 피해가 단순 사고인지, 던전·잔향·공간 왜곡과 연결된 현상인지 확인해야 한다. 실패 시 구조 지연으로 민간 피해가 확대되거나 핵심 증언이 사라진다."
3,notice_003_solver_탐사대_구조,solver,해결사,민생·구조,탐사대 구조,하급~중급,탐사대 구조 공고는 문명권 내부의 피해와 고립 상황을 수습하고 생존자의 증언을 기록하는 공고다.,생존자를 구조하고 현장에서 확인된 증언과 피해 양상을 기록한다.,"현장은 '탐사대 구조' 성격의 사건으로 분류되며, 문명권 내부의 피해와 고립 상황을 수습하고 생존자의 증언을 기록하는 공고다.","피해가 단순 사고인지, 던전·잔향·공간 왜곡과 연결된 현상인지 확인해야 한다.",현지 주민의 공포와 혼란 때문에 증언이 서로 어긋난다.,"생존자 증언, 피해자 명단, 이동 경로, 현장 오염 흔적",구조 지연으로 민간 피해가 확대되거나 핵심 증언이 사라진다.,잔향·던전·재앙성 흔적이 확인되면 해당 전문 공고로 재분류한다.,"[탐사대 구조] 탐사대 구조 공고는 문명권 내부의 피해와 고립 상황을 수습하고 생존자의 증언을 기록하는 공고다. 주요 목표는 생존자를 구조하고 현장에서 확인된 증언과 피해 양상을 기록한다. 확인해야 할 미지는 피해가 단순 사고인지, 던전·잔향·공간 왜곡과 연결된 현상인지 확인해야 한다. 실패 시 구조 지연으로 민간 피해가 확대되거나 핵심 증언이 사라진다."
4,notice_004_solver_피난로_확보,solver,해결사,민생·구조,피난로 확보,하급~중급,피난로 확보 공고는 문명권 내부의 피해와 고립 상황을 수습하고 생존자의 증언을 기록하는 공고다.,생존자를 구조하고 현장에서 확인된 증언과 피해 양상을 기록한다.,"현장은 '피난로 확보' 성격의 사건으로 분류되며, 문명권 내부의 피해와 고립 상황을 수습하고 생존자의 증언을 기록하는 공고다.","피해가 단순 사고인지, 던전·잔향·공간 왜곡과 연결된 현상인지 확인해야 한다.",현지 주민의 공포와 혼란 때문에 증언이 서로 어긋난다.,"생존자 증언, 피해자 명단, 이동 경로, 현장 오염 흔적",구조 지연으로 민간 피해가 확대되거나 핵심 증언이 사라진다.,잔향·던전·재앙성 흔적이 확인되면 해당 전문 공고로 재분류한다.,"[피난로 확보] 피난로 확보 공고는 문명권 내부의 피해와 고립 상황을 수습하고 생존자의 증언을 기록하는 공고다. 주요 목표는 생존자를 구조하고 현장에서 확인된 증언과 피해 양상을 기록한다. 확인해야 할 미지는 피해가 단순 사고인지, 던전·잔향·공간 왜곡과 연결된 현상인지 확인해야 한다. 실패 시 구조 지연으로 민간 피해가 확대되거나 핵심 증언이 사라진다."
5,notice_005_solver_공동체_회복_지원,solver,해결사,민생·구조,공동체 회복 지원,하급~중급,공동체 회복 지원 공고는 문명권 내부의 피해와 고립 상황을 수습하고 생존자의 증언을 기록하는 공고다.,생존자를 구조하고 현장에서 확인된 증언과 피해 양상을 기록한다.,"현장은 '공동체 회복 지원' 성격의 사건으로 분류되며, 문명권 내부의 피해와 고립 상황을 수습하고 생존자의 증언을 기록하는 공고다.","피해가 단순 사고인지, 던전·잔향·공간 왜곡과 연결된 현상인지 확인해야 한다.",현지 주민의 공포와 혼란 때문에 증언이 서로 어긋난다.,"생존자 증언, 피해자 명단, 이동 경로, 현장 오염 흔적",구조 지연으로 민간 피해가 확대되거나 핵심 증언이 사라진다.,잔향·던전·재앙성 흔적이 확인되면 해당 전문 공고로 재분류한다.,"[공동체 회복 지원] 공동체 회복 지원 공고는 문명권 내부의 피해와 고립 상황을 수습하고 생존자의 증언을 기록하는 공고다. 주요 목표는 생존자를 구조하고 현장에서 확인된 증언과 피해 양상을 기록한다. 확인해야 할 미지는 피해가 단순 사고인지, 던전·잔향·공간 왜곡과 연결된 현상인지 확인해야 한다. 실패 시 구조 지연으로 민간 피해가 확대되거나 핵심 증언이 사라진다."
6,notice_006_solver_던전_발생_대응,solver,해결사,던전 대응,던전 발생 대응,중급,던전 발생 대응 공고는 던전의 발생·운영·붕괴·이동 현상을 조사하고 위험도를 재분류하는 공고다.,"던전의 구조, 핵 반응, 가디언, 잔류 위험을 확인하고 대응 절차를 결정한다.","현장은 '던전 발생 대응' 성격의 사건으로 분류되며, 던전의 발생·운영·붕괴·이동 현상을 조사하고 위험도를 재분류하는 공고다.","던전의 핵심 원인이 자연 발생인지, 외부 오염 또는 인위적 조작인지 확인해야 한다.",현장을 통제하려는 지역 세력이나 경쟁 집단이 위험도를 축소하려 한다.,"입구 좌표, 내부 구조도, 핵 반응 기록, 가디언 관측 자료",던전 위험도 판정에 실패해 후속 피해가 발생한다.,핵이나 룬 반응이 확인되면 정제·자원 또는 잔향의 룬 대응으로 확장한다.,"[던전 발생 대응] 던전 발생 대응 공고는 던전의 발생·운영·붕괴·이동 현상을 조사하고 위험도를 재분류하는 공고다. 주요 목표는 던전의 구조, 핵 반응, 가디언, 잔류 위험을 확인하고 대응 절차를 결정한다. 확인해야 할 미지는 던전의 핵심 원인이 자연 발생인지, 외부 오염 또는 인위적 조작인지 확인해야 한다. 실패 시 던전 위험도 판정에 실패해 후속 피해가 발생한다."
7,notice_007_solver_던전_완전_제압,solver,해결사,던전 대응,던전 완전 제압,중급,던전 완전 제압 공고는 던전의 발생·운영·붕괴·이동 현상을 조사하고 위험도를 재분류하는 공고다.,"던전의 구조, 핵 반응, 가디언, 잔류 위험을 확인하고 대응 절차를 결정한다.","현장은 '던전 완전 제압' 성격의 사건으로 분류되며, 던전의 발생·운영·붕괴·이동 현상을 조사하고 위험도를 재분류하는 공고다.","던전의 핵심 원인이 자연 발생인지, 외부 오염 또는 인위적 조작인지 확인해야 한다.",현장을 통제하려는 지역 세력이나 경쟁 집단이 위험도를 축소하려 한다.,"입구 좌표, 내부 구조도, 핵 반응 기록, 가디언 관측 자료",던전 위험도 판정에 실패해 후속 피해가 발생한다.,핵이나 룬 반응이 확인되면 정제·자원 또는 잔향의 룬 대응으로 확장한다.,"[던전 완전 제압] 던전 완전 제압 공고는 던전의 발생·운영·붕괴·이동 현상을 조사하고 위험도를 재분류하는 공고다. 주요 목표는 던전의 구조, 핵 반응, 가디언, 잔류 위험을 확인하고 대응 절차를 결정한다. 확인해야 할 미지는 던전의 핵심 원인이 자연 발생인지, 외부 오염 또는 인위적 조작인지 확인해야 한다. 실패 시 던전 위험도 판정에 실패해 후속 피해가 발생한다."
8,notice_008_solver_통제_던전_감사,solver,해결사,던전 대응,통제 던전 감사,중급,통제 던전 감사 공고는 던전의 발생·운영·붕괴·이동 현상을 조사하고 위험도를 재분류하는 공고다.,"던전의 구조, 핵 반응, 가디언, 잔류 위험을 확인하고 대응 절차를 결정한다.","현장은 '통제 던전 감사' 성격의 사건으로 분류되며, 던전의 발생·운영·붕괴·이동 현상을 조사하고 위험도를 재분류하는 공고다.","던전의 핵심 원인이 자연 발생인지, 외부 오염 또는 인위적 조작인지 확인해야 한다.",현장을 통제하려는 지역 세력이나 경쟁 집단이 위험도를 축소하려 한다.,"입구 좌표, 내부 구조도, 핵 반응 기록, 가디언 관측 자료",던전 위험도 판정에 실패해 후속 피해가 발생한다.,핵이나 룬 반응이 확인되면 정제·자원 또는 잔향의 룬 대응으로 확장한다.,"[통제 던전 감사] 통제 던전 감사 공고는 던전의 발생·운영·붕괴·이동 현상을 조사하고 위험도를 재분류하는 공고다. 주요 목표는 던전의 구조, 핵 반응, 가디언, 잔류 위험을 확인하고 대응 절차를 결정한다. 확인해야 할 미지는 던전의 핵심 원인이 자연 발생인지, 외부 오염 또는 인위적 조작인지 확인해야 한다. 실패 시 던전 위험도 판정에 실패해 후속 피해가 발생한다."
9,notice_009_solver_살아있는_던전_추적,solver,해결사,던전 대응,살아있는 던전 추적,중급,살아있는 던전 추적 공고는 던전의 발생·운영·붕괴·이동 현상을 조사하고 위험도를 재분류하는 공고다.,"던전의 구조, 핵 반응, 가디언, 잔류 위험을 확인하고 대응 절차를 결정한다.","현장은 '살아있는 던전 추적' 성격의 사건으로 분류되며, 던전의 발생·운영·붕괴·이동 현상을 조사하고 위험도를 재분류하는 공고다.","던전의 핵심 원인이 자연 발생인지, 외부 오염 또는 인위적 조작인지 확인해야 한다.",현장을 통제하려는 지역 세력이나 경쟁 집단이 위험도를 축소하려 한다.,"입구 좌표, 내부 구조도, 핵 반응 기록, 가디언 관측 자료",던전 위험도 판정에 실패해 후속 피해가 발생한다.,핵이나 룬 반응이 확인되면 정제·자원 또는 잔향의 룬 대응으로 확장한다.,"[살아있는 던전 추적] 살아있는 던전 추적 공고는 던전의 발생·운영·붕괴·이동 현상을 조사하고 위험도를 재분류하는 공고다. 주요 목표는 던전의 구조, 핵 반응, 가디언, 잔류 위험을 확인하고 대응 절차를 결정한다. 확인해야 할 미지는 던전의 핵심 원인이 자연 발생인지, 외부 오염 또는 인위적 조작인지 확인해야 한다. 실패 시 던전 위험도 판정에 실패해 후속 피해가 발생한다."
10,notice_010_solver_던전_부산_위험_정리,solver,해결사,던전 대응,던전 부산 위험 정리,중급,던전 부산 위험 정리 공고는 던전의 발생·운영·붕괴·이동 현상을 조사하고 위험도를 재분류하는 공고다.,"던전의 구조, 핵 반응, 가디언, 잔류 위험을 확인하고 대응 절차를 결정한다.","현장은 '던전 부산 위험 정리' 성격의 사건으로 분류되며, 던전의 발생·운영·붕괴·이동 현상을 조사하고 위험도를 재분류하는 공고다.","던전의 핵심 원인이 자연 발생인지, 외부 오염 또는 인위적 조작인지 확인해야 한다.",현장을 통제하려는 지역 세력이나 경쟁 집단이 위험도를 축소하려 한다.,"입구 좌표, 내부 구조도, 핵 반응 기록, 가디언 관측 자료",던전 위험도 판정에 실패해 후속 피해가 발생한다.,핵이나 룬 반응이 확인되면 정제·자원 또는 잔향의 룬 대응으로 확장한다.,"[던전 부산 위험 정리] 던전 부산 위험 정리 공고는 던전의 발생·운영·붕괴·이동 현상을 조사하고 위험도를 재분류하는 공고다. 주요 목표는 던전의 구조, 핵 반응, 가디언, 잔류 위험을 확인하고 대응 절차를 결정한다. 확인해야 할 미지는 던전의 핵심 원인이 자연 발생인지, 외부 오염 또는 인위적 조작인지 확인해야 한다. 실패 시 던전 위험도 판정에 실패해 후속 피해가 발생한다."
11,notice_011_solver_잔향_농도_측정,solver,해결사,잔향·침식 조사,잔향 농도 측정,중급,잔향 농도 측정 공고는 잔향의 농도와 침식 양상을 확인하고 확산 가능성을 판정하는 공고다.,잔향 반응과 침식 양상을 관측하고 안전 판정 또는 격리 필요성을 판단한다.,"현장은 '잔향 농도 측정' 성격의 사건으로 분류되며, 잔향의 농도와 침식 양상을 확인하고 확산 가능성을 판정하는 공고다.","잔향이 일시적 잔류인지, 확산 가능한 침식원인지 확인해야 한다.",당사자나 주변인이 침식 사실을 인정하지 않아 격리와 관측이 어려워진다.,"잔향 농도, 침식 증상, 노출 시간, 격리 판정 기록",침식원이 방치되어 주변 지역으로 확산된다.,룬이나 진보 개체 징후가 확인되면 고위험 조사로 재분류한다.,"[잔향 농도 측정] 잔향 농도 측정 공고는 잔향의 농도와 침식 양상을 확인하고 확산 가능성을 판정하는 공고다. 주요 목표는 잔향 반응과 침식 양상을 관측하고 안전 판정 또는 격리 필요성을 판단한다. 확인해야 할 미지는 잔향이 일시적 잔류인지, 확산 가능한 침식원인지 확인해야 한다. 실패 시 침식원이 방치되어 주변 지역으로 확산된다."
12,notice_012_solver_잔향_침식자_관찰,solver,해결사,잔향·침식 조사,잔향 침식자 관찰,중급,잔향 침식자 관찰 공고는 잔향의 농도와 침식 양상을 확인하고 확산 가능성을 판정하는 공고다.,잔향 반응과 침식 양상을 관측하고 안전 판정 또는 격리 필요성을 판단한다.,"현장은 '잔향 침식자 관찰' 성격의 사건으로 분류되며, 잔향의 농도와 침식 양상을 확인하고 확산 가능성을 판정하는 공고다.","잔향이 일시적 잔류인지, 확산 가능한 침식원인지 확인해야 한다.",당사자나 주변인이 침식 사실을 인정하지 않아 격리와 관측이 어려워진다.,"잔향 농도, 침식 증상, 노출 시간, 격리 판정 기록",침식원이 방치되어 주변 지역으로 확산된다.,룬이나 진보 개체 징후가 확인되면 고위험 조사로 재분류한다.,"[잔향 침식자 관찰] 잔향 침식자 관찰 공고는 잔향의 농도와 침식 양상을 확인하고 확산 가능성을 판정하는 공고다. 주요 목표는 잔향 반응과 침식 양상을 관측하고 안전 판정 또는 격리 필요성을 판단한다. 확인해야 할 미지는 잔향이 일시적 잔류인지, 확산 가능한 침식원인지 확인해야 한다. 실패 시 침식원이 방치되어 주변 지역으로 확산된다."
13,notice_013_solver_검은_광기_조사,solver,해결사,잔향·침식 조사,검은 광기 조사,중급,검은 광기 조사 공고는 잔향의 농도와 침식 양상을 확인하고 확산 가능성을 판정하는 공고다.,잔향 반응과 침식 양상을 관측하고 안전 판정 또는 격리 필요성을 판단한다.,"현장은 '검은 광기 조사' 성격의 사건으로 분류되며, 잔향의 농도와 침식 양상을 확인하고 확산 가능성을 판정하는 공고다.","잔향이 일시적 잔류인지, 확산 가능한 침식원인지 확인해야 한다.",당사자나 주변인이 침식 사실을 인정하지 않아 격리와 관측이 어려워진다.,"잔향 농도, 침식 증상, 노출 시간, 격리 판정 기록",침식원이 방치되어 주변 지역으로 확산된다.,룬이나 진보 개체 징후가 확인되면 고위험 조사로 재분류한다.,"[검은 광기 조사] 검은 광기 조사 공고는 잔향의 농도와 침식 양상을 확인하고 확산 가능성을 판정하는 공고다. 주요 목표는 잔향 반응과 침식 양상을 관측하고 안전 판정 또는 격리 필요성을 판단한다. 확인해야 할 미지는 잔향이 일시적 잔류인지, 확산 가능한 침식원인지 확인해야 한다. 실패 시 침식원이 방치되어 주변 지역으로 확산된다."
14,notice_014_solver_진보_개체_추적,solver,해결사,잔향·침식 조사,진보 개체 추적,중급,진보 개체 추적 공고는 잔향의 농도와 침식 양상을 확인하고 확산 가능성을 판정하는 공고다.,잔향 반응과 침식 양상을 관측하고 안전 판정 또는 격리 필요성을 판단한다.,"현장은 '진보 개체 추적' 성격의 사건으로 분류되며, 잔향의 농도와 침식 양상을 확인하고 확산 가능성을 판정하는 공고다.","잔향이 일시적 잔류인지, 확산 가능한 침식원인지 확인해야 한다.",당사자나 주변인이 침식 사실을 인정하지 않아 격리와 관측이 어려워진다.,"잔향 농도, 침식 증상, 노출 시간, 격리 판정 기록",침식원이 방치되어 주변 지역으로 확산된다.,룬이나 진보 개체 징후가 확인되면 고위험 조사로 재분류한다.,"[진보 개체 추적] 진보 개체 추적 공고는 잔향의 농도와 침식 양상을 확인하고 확산 가능성을 판정하는 공고다. 주요 목표는 잔향 반응과 침식 양상을 관측하고 안전 판정 또는 격리 필요성을 판단한다. 확인해야 할 미지는 잔향이 일시적 잔류인지, 확산 가능한 침식원인지 확인해야 한다. 실패 시 침식원이 방치되어 주변 지역으로 확산된다."
15,notice_015_solver_침식_확산선_차단,solver,해결사,잔향·침식 조사,침식 확산선 차단,중급,침식 확산선 차단 공고는 잔향의 농도와 침식 양상을 확인하고 확산 가능성을 판정하는 공고다.,잔향 반응과 침식 양상을 관측하고 안전 판정 또는 격리 필요성을 판단한다.,"현장은 '침식 확산선 차단' 성격의 사건으로 분류되며, 잔향의 농도와 침식 양상을 확인하고 확산 가능성을 판정하는 공고다.","잔향이 일시적 잔류인지, 확산 가능한 침식원인지 확인해야 한다.",당사자나 주변인이 침식 사실을 인정하지 않아 격리와 관측이 어려워진다.,"잔향 농도, 침식 증상, 노출 시간, 격리 판정 기록",침식원이 방치되어 주변 지역으로 확산된다.,룬이나 진보 개체 징후가 확인되면 고위험 조사로 재분류한다.,"[침식 확산선 차단] 침식 확산선 차단 공고는 잔향의 농도와 침식 양상을 확인하고 확산 가능성을 판정하는 공고다. 주요 목표는 잔향 반응과 침식 양상을 관측하고 안전 판정 또는 격리 필요성을 판단한다. 확인해야 할 미지는 잔향이 일시적 잔류인지, 확산 가능한 침식원인지 확인해야 한다. 실패 시 침식원이 방치되어 주변 지역으로 확산된다."
16,notice_016_solver_룬_기록_판독,solver,해결사,잔향의 룬 대응,룬 기록·판독,중급~상급,룬 기록·판독 공고는 잔향이 문양과 규칙으로 굳어진 현상을 기록·격리·검증하는 공고다.,"룬의 위치, 발현 조건, 재현성, 악용 가능성을 기록하고 통제한다.","현장은 '룬 기록·판독' 성격의 사건으로 분류되며, 잔향이 문양과 규칙으로 굳어진 현상을 기록·격리·검증하는 공고다.","룬이 단순 흔적인지, 사건을 반복시키는 재현 장치인지 확인해야 한다.",룬을 가호나 소유물로 여기는 인물이 격리 절차에 반발한다.,"룬 탁본, 발현 조건, 주변 잔향 농도, 관련 장비 기록",룬 발현 조건을 놓쳐 동일 사건이 반복된다.,룬 배열이 공간 변질을 일으키면 준던전화 구역 봉쇄로 확장한다.,"[룬 기록·판독] 룬 기록·판독 공고는 잔향이 문양과 규칙으로 굳어진 현상을 기록·격리·검증하는 공고다. 주요 목표는 룬의 위치, 발현 조건, 재현성, 악용 가능성을 기록하고 통제한다. 확인해야 할 미지는 룬이 단순 흔적인지, 사건을 반복시키는 재현 장치인지 확인해야 한다. 실패 시 룬 발현 조건을 놓쳐 동일 사건이 반복된다."
17,notice_017_solver_룬_격리,solver,해결사,잔향의 룬 대응,룬 격리,중급~상급,룬 격리 공고는 잔향이 문양과 규칙으로 굳어진 현상을 기록·격리·검증하는 공고다.,"룬의 위치, 발현 조건, 재현성, 악용 가능성을 기록하고 통제한다.","현장은 '룬 격리' 성격의 사건으로 분류되며, 잔향이 문양과 규칙으로 굳어진 현상을 기록·격리·검증하는 공고다.","룬이 단순 흔적인지, 사건을 반복시키는 재현 장치인지 확인해야 한다.",룬을 가호나 소유물로 여기는 인물이 격리 절차에 반발한다.,"룬 탁본, 발현 조건, 주변 잔향 농도, 관련 장비 기록",룬 발현 조건을 놓쳐 동일 사건이 반복된다.,룬 배열이 공간 변질을 일으키면 준던전화 구역 봉쇄로 확장한다.,"[룬 격리] 룬 격리 공고는 잔향이 문양과 규칙으로 굳어진 현상을 기록·격리·검증하는 공고다. 주요 목표는 룬의 위치, 발현 조건, 재현성, 악용 가능성을 기록하고 통제한다. 확인해야 할 미지는 룬이 단순 흔적인지, 사건을 반복시키는 재현 장치인지 확인해야 한다. 실패 시 룬 발현 조건을 놓쳐 동일 사건이 반복된다."
18,notice_018_solver_룬_재현성_검증,solver,해결사,잔향의 룬 대응,룬 재현성 검증,중급~상급,룬 재현성 검증 공고는 잔향이 문양과 규칙으로 굳어진 현상을 기록·격리·검증하는 공고다.,"룬의 위치, 발현 조건, 재현성, 악용 가능성을 기록하고 통제한다.","현장은 '룬 재현성 검증' 성격의 사건으로 분류되며, 잔향이 문양과 규칙으로 굳어진 현상을 기록·격리·검증하는 공고다.","룬이 단순 흔적인지, 사건을 반복시키는 재현 장치인지 확인해야 한다.",룬을 가호나 소유물로 여기는 인물이 격리 절차에 반발한다.,"룬 탁본, 발현 조건, 주변 잔향 농도, 관련 장비 기록",룬 발현 조건을 놓쳐 동일 사건이 반복된다.,룬 배열이 공간 변질을 일으키면 준던전화 구역 봉쇄로 확장한다.,"[룬 재현성 검증] 룬 재현성 검증 공고는 잔향이 문양과 규칙으로 굳어진 현상을 기록·격리·검증하는 공고다. 주요 목표는 룬의 위치, 발현 조건, 재현성, 악용 가능성을 기록하고 통제한다. 확인해야 할 미지는 룬이 단순 흔적인지, 사건을 반복시키는 재현 장치인지 확인해야 한다. 실패 시 룬 발현 조건을 놓쳐 동일 사건이 반복된다."
19,notice_019_solver_개체형_룬_관찰,solver,해결사,잔향의 룬 대응,개체형 룬 관찰,중급~상급,개체형 룬 관찰 공고는 잔향이 문양과 규칙으로 굳어진 현상을 기록·격리·검증하는 공고다.,"룬의 위치, 발현 조건, 재현성, 악용 가능성을 기록하고 통제한다.","현장은 '개체형 룬 관찰' 성격의 사건으로 분류되며, 잔향이 문양과 규칙으로 굳어진 현상을 기록·격리·검증하는 공고다.","룬이 단순 흔적인지, 사건을 반복시키는 재현 장치인지 확인해야 한다.",룬을 가호나 소유물로 여기는 인물이 격리 절차에 반발한다.,"룬 탁본, 발현 조건, 주변 잔향 농도, 관련 장비 기록",룬 발현 조건을 놓쳐 동일 사건이 반복된다.,룬 배열이 공간 변질을 일으키면 준던전화 구역 봉쇄로 확장한다.,"[개체형 룬 관찰] 개체형 룬 관찰 공고는 잔향이 문양과 규칙으로 굳어진 현상을 기록·격리·검증하는 공고다. 주요 목표는 룬의 위치, 발현 조건, 재현성, 악용 가능성을 기록하고 통제한다. 확인해야 할 미지는 룬이 단순 흔적인지, 사건을 반복시키는 재현 장치인지 확인해야 한다. 실패 시 룬 발현 조건을 놓쳐 동일 사건이 반복된다."
20,notice_020_solver_룬_악용_차단,solver,해결사,잔향의 룬 대응,룬 악용 차단,중급~상급,룬 악용 차단 공고는 잔향이 문양과 규칙으로 굳어진 현상을 기록·격리·검증하는 공고다.,"룬의 위치, 발현 조건, 재현성, 악용 가능성을 기록하고 통제한다.","현장은 '룬 악용 차단' 성격의 사건으로 분류되며, 잔향이 문양과 규칙으로 굳어진 현상을 기록·격리·검증하는 공고다.","룬이 단순 흔적인지, 사건을 반복시키는 재현 장치인지 확인해야 한다.",룬을 가호나 소유물로 여기는 인물이 격리 절차에 반발한다.,"룬 탁본, 발현 조건, 주변 잔향 농도, 관련 장비 기록",룬 발현 조건을 놓쳐 동일 사건이 반복된다.,룬 배열이 공간 변질을 일으키면 준던전화 구역 봉쇄로 확장한다.,"[룬 악용 차단] 룬 악용 차단 공고는 잔향이 문양과 규칙으로 굳어진 현상을 기록·격리·검증하는 공고다. 주요 목표는 룬의 위치, 발현 조건, 재현성, 악용 가능성을 기록하고 통제한다. 확인해야 할 미지는 룬이 단순 흔적인지, 사건을 반복시키는 재현 장치인지 확인해야 한다. 실패 시 룬 발현 조건을 놓쳐 동일 사건이 반복된다."
21,notice_021_solver_흑마석_광맥_조사,solver,해결사,정제·자원,흑마석 광맥 조사,중급,"흑마석 광맥 조사 공고는 흑마석, 부정한 핵, 정제 실패품과 관련된 위험 자원을 관리하는 공고다.",위험 자원의 상태와 오염 가능성을 확인하고 회수·봉인·운송 절차를 수행한다.,"현장은 '흑마석 광맥 조사' 성격의 사건으로 분류되며, 흑마석, 부정한 핵, 정제 실패품과 관련된 위험 자원을 관리하는 공고다.","정제와 자원화가 안전한지, 잔향이 남은 위험물인지 확인해야 한다.","상단, 제작자, 정제 관계자가 기록 공개와 회수를 거부한다.","시료, 정제 기록, 흑마석 반응, 봉인·운송 로그",위험 자원이 유통되거나 운송 중 성질이 변한다.,정제 실패품 유통이 확인되면 금기 지식 차단 또는 위험 운송으로 이어진다.,"[흑마석 광맥 조사] 흑마석 광맥 조사 공고는 흑마석, 부정한 핵, 정제 실패품과 관련된 위험 자원을 관리하는 공고다. 주요 목표는 위험 자원의 상태와 오염 가능성을 확인하고 회수·봉인·운송 절차를 수행한다. 확인해야 할 미지는 정제와 자원화가 안전한지, 잔향이 남은 위험물인지 확인해야 한다. 실패 시 위험 자원이 유통되거나 운송 중 성질이 변한다."
22,notice_022_solver_정제_안정성_검증,solver,해결사,정제·자원,정제 안정성 검증,중급,"정제 안정성 검증 공고는 흑마석, 부정한 핵, 정제 실패품과 관련된 위험 자원을 관리하는 공고다.",위험 자원의 상태와 오염 가능성을 확인하고 회수·봉인·운송 절차를 수행한다.,"현장은 '정제 안정성 검증' 성격의 사건으로 분류되며, 흑마석, 부정한 핵, 정제 실패품과 관련된 위험 자원을 관리하는 공고다.","정제와 자원화가 안전한지, 잔향이 남은 위험물인지 확인해야 한다.","상단, 제작자, 정제 관계자가 기록 공개와 회수를 거부한다.","시료, 정제 기록, 흑마석 반응, 봉인·운송 로그",위험 자원이 유통되거나 운송 중 성질이 변한다.,정제 실패품 유통이 확인되면 금기 지식 차단 또는 위험 운송으로 이어진다.,"[정제 안정성 검증] 정제 안정성 검증 공고는 흑마석, 부정한 핵, 정제 실패품과 관련된 위험 자원을 관리하는 공고다. 주요 목표는 위험 자원의 상태와 오염 가능성을 확인하고 회수·봉인·운송 절차를 수행한다. 확인해야 할 미지는 정제와 자원화가 안전한지, 잔향이 남은 위험물인지 확인해야 한다. 실패 시 위험 자원이 유통되거나 운송 중 성질이 변한다."
23,notice_023_solver_정제사_현장_동행,solver,해결사,정제·자원,정제사 현장 동행,중급,"정제사 현장 동행 공고는 흑마석, 부정한 핵, 정제 실패품과 관련된 위험 자원을 관리하는 공고다.",위험 자원의 상태와 오염 가능성을 확인하고 회수·봉인·운송 절차를 수행한다.,"현장은 '정제사 현장 동행' 성격의 사건으로 분류되며, 흑마석, 부정한 핵, 정제 실패품과 관련된 위험 자원을 관리하는 공고다.","정제와 자원화가 안전한지, 잔향이 남은 위험물인지 확인해야 한다.","상단, 제작자, 정제 관계자가 기록 공개와 회수를 거부한다.","시료, 정제 기록, 흑마석 반응, 봉인·운송 로그",위험 자원이 유통되거나 운송 중 성질이 변한다.,정제 실패품 유통이 확인되면 금기 지식 차단 또는 위험 운송으로 이어진다.,"[정제사 현장 동행] 정제사 현장 동행 공고는 흑마석, 부정한 핵, 정제 실패품과 관련된 위험 자원을 관리하는 공고다. 주요 목표는 위험 자원의 상태와 오염 가능성을 확인하고 회수·봉인·운송 절차를 수행한다. 확인해야 할 미지는 정제와 자원화가 안전한지, 잔향이 남은 위험물인지 확인해야 한다. 실패 시 위험 자원이 유통되거나 운송 중 성질이 변한다."
24,notice_024_solver_위험_운송,solver,해결사,정제·자원,위험 운송,중급,"위험 운송 공고는 흑마석, 부정한 핵, 정제 실패품과 관련된 위험 자원을 관리하는 공고다.",위험 자원의 상태와 오염 가능성을 확인하고 회수·봉인·운송 절차를 수행한다.,"현장은 '위험 운송' 성격의 사건으로 분류되며, 흑마석, 부정한 핵, 정제 실패품과 관련된 위험 자원을 관리하는 공고다.","정제와 자원화가 안전한지, 잔향이 남은 위험물인지 확인해야 한다.","상단, 제작자, 정제 관계자가 기록 공개와 회수를 거부한다.","시료, 정제 기록, 흑마석 반응, 봉인·운송 로그",위험 자원이 유통되거나 운송 중 성질이 변한다.,정제 실패품 유통이 확인되면 금기 지식 차단 또는 위험 운송으로 이어진다.,"[위험 운송] 위험 운송 공고는 흑마석, 부정한 핵, 정제 실패품과 관련된 위험 자원을 관리하는 공고다. 주요 목표는 위험 자원의 상태와 오염 가능성을 확인하고 회수·봉인·운송 절차를 수행한다. 확인해야 할 미지는 정제와 자원화가 안전한지, 잔향이 남은 위험물인지 확인해야 한다. 실패 시 위험 자원이 유통되거나 운송 중 성질이 변한다."
25,notice_025_solver_정제_실패품_회수,solver,해결사,정제·자원,정제 실패품 회수,중급,"정제 실패품 회수 공고는 흑마석, 부정한 핵, 정제 실패품과 관련된 위험 자원을 관리하는 공고다.",위험 자원의 상태와 오염 가능성을 확인하고 회수·봉인·운송 절차를 수행한다.,"현장은 '정제 실패품 회수' 성격의 사건으로 분류되며, 흑마석, 부정한 핵, 정제 실패품과 관련된 위험 자원을 관리하는 공고다.","정제와 자원화가 안전한지, 잔향이 남은 위험물인지 확인해야 한다.","상단, 제작자, 정제 관계자가 기록 공개와 회수를 거부한다.","시료, 정제 기록, 흑마석 반응, 봉인·운송 로그",위험 자원이 유통되거나 운송 중 성질이 변한다.,정제 실패품 유통이 확인되면 금기 지식 차단 또는 위험 운송으로 이어진다.,"[정제 실패품 회수] 정제 실패품 회수 공고는 흑마석, 부정한 핵, 정제 실패품과 관련된 위험 자원을 관리하는 공고다. 주요 목표는 위험 자원의 상태와 오염 가능성을 확인하고 회수·봉인·운송 절차를 수행한다. 확인해야 할 미지는 정제와 자원화가 안전한지, 잔향이 남은 위험물인지 확인해야 한다. 실패 시 위험 자원이 유통되거나 운송 중 성질이 변한다."
26,notice_026_solver_기록_회수,solver,해결사,기록·검증,기록 회수,하급~중급,"기록 회수 공고는 탐사 기록, 지도, 보고서, 안전 판정을 회수하거나 재검증하는 공고다.",기존 기록과 현장 상태를 대조하여 다음 탐사의 근거를 갱신한다.,"현장은 '기록 회수' 성격의 사건으로 분류되며, 탐사 기록, 지도, 보고서, 안전 판정을 회수하거나 재검증하는 공고다.","기록 오류가 단순 실수인지, 의도적 변조 또는 오염인지 확인해야 한다.",기존 보고서와 현장 증거가 서로 맞지 않아 책임 공방이 발생한다.,"원본 보고서, 조작 의심 기록, 좌표 자료, 재검증 결과",잘못된 기록이 유지되어 다음 탐사자가 위험에 노출된다.,기록 오염이 확인되면 재앙 대응 또는 기밀 재검토 대상으로 전환한다.,"[기록 회수] 기록 회수 공고는 탐사 기록, 지도, 보고서, 안전 판정을 회수하거나 재검증하는 공고다. 주요 목표는 기존 기록과 현장 상태를 대조하여 다음 탐사의 근거를 갱신한다. 확인해야 할 미지는 기록 오류가 단순 실수인지, 의도적 변조 또는 오염인지 확인해야 한다. 실패 시 잘못된 기록이 유지되어 다음 탐사자가 위험에 노출된다."
27,notice_027_solver_지도_안전로_갱신,solver,해결사,기록·검증,지도·안전로 갱신,하급~중급,"지도·안전로 갱신 공고는 탐사 기록, 지도, 보고서, 안전 판정을 회수하거나 재검증하는 공고다.",기존 기록과 현장 상태를 대조하여 다음 탐사의 근거를 갱신한다.,"현장은 '지도·안전로 갱신' 성격의 사건으로 분류되며, 탐사 기록, 지도, 보고서, 안전 판정을 회수하거나 재검증하는 공고다.","기록 오류가 단순 실수인지, 의도적 변조 또는 오염인지 확인해야 한다.",기존 보고서와 현장 증거가 서로 맞지 않아 책임 공방이 발생한다.,"원본 보고서, 조작 의심 기록, 좌표 자료, 재검증 결과",잘못된 기록이 유지되어 다음 탐사자가 위험에 노출된다.,기록 오염이 확인되면 재앙 대응 또는 기밀 재검토 대상으로 전환한다.,"[지도·안전로 갱신] 지도·안전로 갱신 공고는 탐사 기록, 지도, 보고서, 안전 판정을 회수하거나 재검증하는 공고다. 주요 목표는 기존 기록과 현장 상태를 대조하여 다음 탐사의 근거를 갱신한다. 확인해야 할 미지는 기록 오류가 단순 실수인지, 의도적 변조 또는 오염인지 확인해야 한다. 실패 시 잘못된 기록이 유지되어 다음 탐사자가 위험에 노출된다."
28,notice_028_solver_보고서_재검증,solver,해결사,기록·검증,보고서 재검증,하급~중급,"보고서 재검증 공고는 탐사 기록, 지도, 보고서, 안전 판정을 회수하거나 재검증하는 공고다.",기존 기록과 현장 상태를 대조하여 다음 탐사의 근거를 갱신한다.,"현장은 '보고서 재검증' 성격의 사건으로 분류되며, 탐사 기록, 지도, 보고서, 안전 판정을 회수하거나 재검증하는 공고다.","기록 오류가 단순 실수인지, 의도적 변조 또는 오염인지 확인해야 한다.",기존 보고서와 현장 증거가 서로 맞지 않아 책임 공방이 발생한다.,"원본 보고서, 조작 의심 기록, 좌표 자료, 재검증 결과",잘못된 기록이 유지되어 다음 탐사자가 위험에 노출된다.,기록 오염이 확인되면 재앙 대응 또는 기밀 재검토 대상으로 전환한다.,"[보고서 재검증] 보고서 재검증 공고는 탐사 기록, 지도, 보고서, 안전 판정을 회수하거나 재검증하는 공고다. 주요 목표는 기존 기록과 현장 상태를 대조하여 다음 탐사의 근거를 갱신한다. 확인해야 할 미지는 기록 오류가 단순 실수인지, 의도적 변조 또는 오염인지 확인해야 한다. 실패 시 잘못된 기록이 유지되어 다음 탐사자가 위험에 노출된다."
29,notice_029_solver_탐사_시험,solver,해결사,기록·검증,탐사 시험,하급~중급,"탐사 시험 공고는 탐사 기록, 지도, 보고서, 안전 판정을 회수하거나 재검증하는 공고다.",기존 기록과 현장 상태를 대조하여 다음 탐사의 근거를 갱신한다.,"현장은 '탐사 시험' 성격의 사건으로 분류되며, 탐사 기록, 지도, 보고서, 안전 판정을 회수하거나 재검증하는 공고다.","기록 오류가 단순 실수인지, 의도적 변조 또는 오염인지 확인해야 한다.",기존 보고서와 현장 증거가 서로 맞지 않아 책임 공방이 발생한다.,"원본 보고서, 조작 의심 기록, 좌표 자료, 재검증 결과",잘못된 기록이 유지되어 다음 탐사자가 위험에 노출된다.,기록 오염이 확인되면 재앙 대응 또는 기밀 재검토 대상으로 전환한다.,"[탐사 시험] 탐사 시험 공고는 탐사 기록, 지도, 보고서, 안전 판정을 회수하거나 재검증하는 공고다. 주요 목표는 기존 기록과 현장 상태를 대조하여 다음 탐사의 근거를 갱신한다. 확인해야 할 미지는 기록 오류가 단순 실수인지, 의도적 변조 또는 오염인지 확인해야 한다. 실패 시 잘못된 기록이 유지되어 다음 탐사자가 위험에 노출된다."
30,notice_030_solver_오염_기록_검열,solver,해결사,기록·검증,오염 기록 검열,하급~중급,"오염 기록 검열 공고는 탐사 기록, 지도, 보고서, 안전 판정을 회수하거나 재검증하는 공고다.",기존 기록과 현장 상태를 대조하여 다음 탐사의 근거를 갱신한다.,"현장은 '오염 기록 검열' 성격의 사건으로 분류되며, 탐사 기록, 지도, 보고서, 안전 판정을 회수하거나 재검증하는 공고다.","기록 오류가 단순 실수인지, 의도적 변조 또는 오염인지 확인해야 한다.",기존 보고서와 현장 증거가 서로 맞지 않아 책임 공방이 발생한다.,"원본 보고서, 조작 의심 기록, 좌표 자료, 재검증 결과",잘못된 기록이 유지되어 다음 탐사자가 위험에 노출된다.,기록 오염이 확인되면 재앙 대응 또는 기밀 재검토 대상으로 전환한다.,"[오염 기록 검열] 오염 기록 검열 공고는 탐사 기록, 지도, 보고서, 안전 판정을 회수하거나 재검증하는 공고다. 주요 목표는 기존 기록과 현장 상태를 대조하여 다음 탐사의 근거를 갱신한다. 확인해야 할 미지는 기록 오류가 단순 실수인지, 의도적 변조 또는 오염인지 확인해야 한다. 실패 시 잘못된 기록이 유지되어 다음 탐사자가 위험에 노출된다."
31,notice_031_solver_관측_시설_방어,solver,해결사,시설·방어·봉인,관측 시설 방어,중급,관측 시설 방어 공고는 관측·봉인·정화·공간 안정화 절차가 끊기지 않도록 현장을 유지하는 공고다.,"관측, 봉인, 정화, 공간 안정화가 완료될 때까지 현장 절차를 유지한다.","현장은 '관측 시설 방어' 성격의 사건으로 분류되며, 관측·봉인·정화·공간 안정화 절차가 끊기지 않도록 현장을 유지하는 공고다.","현장 불안정이 일시적 교란인지, 더 깊은 오염의 표면인지 확인해야 한다.","절차가 끝나기 전에 변이 생물, 오염 반응, 외부 방해가 몰려든다.","관측 수치, 봉인 상태, 정화 절차 기록, 시설 피해 보고",관측이나 봉인 절차가 중단되어 위험이 재발한다.,봉인 실패나 공간 왜곡이 확인되면 던전 대응으로 확장한다.,"[관측 시설 방어] 관측 시설 방어 공고는 관측·봉인·정화·공간 안정화 절차가 끊기지 않도록 현장을 유지하는 공고다. 주요 목표는 관측, 봉인, 정화, 공간 안정화가 완료될 때까지 현장 절차를 유지한다. 확인해야 할 미지는 현장 불안정이 일시적 교란인지, 더 깊은 오염의 표면인지 확인해야 한다. 실패 시 관측이나 봉인 절차가 중단되어 위험이 재발한다."
32,notice_032_solver_봉인_정화_보조,solver,해결사,시설·방어·봉인,봉인·정화 보조,중급,봉인·정화 보조 공고는 관측·봉인·정화·공간 안정화 절차가 끊기지 않도록 현장을 유지하는 공고다.,"관측, 봉인, 정화, 공간 안정화가 완료될 때까지 현장 절차를 유지한다.","현장은 '봉인·정화 보조' 성격의 사건으로 분류되며, 관측·봉인·정화·공간 안정화 절차가 끊기지 않도록 현장을 유지하는 공고다.","현장 불안정이 일시적 교란인지, 더 깊은 오염의 표면인지 확인해야 한다.","절차가 끝나기 전에 변이 생물, 오염 반응, 외부 방해가 몰려든다.","관측 수치, 봉인 상태, 정화 절차 기록, 시설 피해 보고",관측이나 봉인 절차가 중단되어 위험이 재발한다.,봉인 실패나 공간 왜곡이 확인되면 던전 대응으로 확장한다.,"[봉인·정화 보조] 봉인·정화 보조 공고는 관측·봉인·정화·공간 안정화 절차가 끊기지 않도록 현장을 유지하는 공고다. 주요 목표는 관측, 봉인, 정화, 공간 안정화가 완료될 때까지 현장 절차를 유지한다. 확인해야 할 미지는 현장 불안정이 일시적 교란인지, 더 깊은 오염의 표면인지 확인해야 한다. 실패 시 관측이나 봉인 절차가 중단되어 위험이 재발한다."
33,notice_033_solver_포탈_공간_왜곡_조사,solver,해결사,시설·방어·봉인,포탈·공간 왜곡 조사,중급,포탈·공간 왜곡 조사 공고는 관측·봉인·정화·공간 안정화 절차가 끊기지 않도록 현장을 유지하는 공고다.,"관측, 봉인, 정화, 공간 안정화가 완료될 때까지 현장 절차를 유지한다.","현장은 '포탈·공간 왜곡 조사' 성격의 사건으로 분류되며, 관측·봉인·정화·공간 안정화 절차가 끊기지 않도록 현장을 유지하는 공고다.","현장 불안정이 일시적 교란인지, 더 깊은 오염의 표면인지 확인해야 한다.","절차가 끝나기 전에 변이 생물, 오염 반응, 외부 방해가 몰려든다.","관측 수치, 봉인 상태, 정화 절차 기록, 시설 피해 보고",관측이나 봉인 절차가 중단되어 위험이 재발한다.,봉인 실패나 공간 왜곡이 확인되면 던전 대응으로 확장한다.,"[포탈·공간 왜곡 조사] 포탈·공간 왜곡 조사 공고는 관측·봉인·정화·공간 안정화 절차가 끊기지 않도록 현장을 유지하는 공고다. 주요 목표는 관측, 봉인, 정화, 공간 안정화가 완료될 때까지 현장 절차를 유지한다. 확인해야 할 미지는 현장 불안정이 일시적 교란인지, 더 깊은 오염의 표면인지 확인해야 한다. 실패 시 관측이나 봉인 절차가 중단되어 위험이 재발한다."
34,notice_034_solver_금기_정제_금지_지식_차단,solver,해결사,시설·방어·봉인,금기 정제·금지 지식 차단,중급,금기 정제·금지 지식 차단 공고는 관측·봉인·정화·공간 안정화 절차가 끊기지 않도록 현장을 유지하는 공고다.,"관측, 봉인, 정화, 공간 안정화가 완료될 때까지 현장 절차를 유지한다.","현장은 '금기 정제·금지 지식 차단' 성격의 사건으로 분류되며, 관측·봉인·정화·공간 안정화 절차가 끊기지 않도록 현장을 유지하는 공고다.","현장 불안정이 일시적 교란인지, 더 깊은 오염의 표면인지 확인해야 한다.","절차가 끝나기 전에 변이 생물, 오염 반응, 외부 방해가 몰려든다.","관측 수치, 봉인 상태, 정화 절차 기록, 시설 피해 보고",관측이나 봉인 절차가 중단되어 위험이 재발한다.,봉인 실패나 공간 왜곡이 확인되면 던전 대응으로 확장한다.,"[금기 정제·금지 지식 차단] 금기 정제·금지 지식 차단 공고는 관측·봉인·정화·공간 안정화 절차가 끊기지 않도록 현장을 유지하는 공고다. 주요 목표는 관측, 봉인, 정화, 공간 안정화가 완료될 때까지 현장 절차를 유지한다. 확인해야 할 미지는 현장 불안정이 일시적 교란인지, 더 깊은 오염의 표면인지 확인해야 한다. 실패 시 관측이나 봉인 절차가 중단되어 위험이 재발한다."
35,notice_035_solver_준던전화_구역_봉쇄,solver,해결사,시설·방어·봉인,준던전화 구역 봉쇄,중급,준던전화 구역 봉쇄 공고는 관측·봉인·정화·공간 안정화 절차가 끊기지 않도록 현장을 유지하는 공고다.,"관측, 봉인, 정화, 공간 안정화가 완료될 때까지 현장 절차를 유지한다.","현장은 '준던전화 구역 봉쇄' 성격의 사건으로 분류되며, 관측·봉인·정화·공간 안정화 절차가 끊기지 않도록 현장을 유지하는 공고다.","현장 불안정이 일시적 교란인지, 더 깊은 오염의 표면인지 확인해야 한다.","절차가 끝나기 전에 변이 생물, 오염 반응, 외부 방해가 몰려든다.","관측 수치, 봉인 상태, 정화 절차 기록, 시설 피해 보고",관측이나 봉인 절차가 중단되어 위험이 재발한다.,봉인 실패나 공간 왜곡이 확인되면 던전 대응으로 확장한다.,"[준던전화 구역 봉쇄] 준던전화 구역 봉쇄 공고는 관측·봉인·정화·공간 안정화 절차가 끊기지 않도록 현장을 유지하는 공고다. 주요 목표는 관측, 봉인, 정화, 공간 안정화가 완료될 때까지 현장 절차를 유지한다. 확인해야 할 미지는 현장 불안정이 일시적 교란인지, 더 깊은 오염의 표면인지 확인해야 한다. 실패 시 관측이나 봉인 절차가 중단되어 위험이 재발한다."
36,notice_036_solver_중립_회수,solver,해결사,분쟁·중립,중립 회수,중급,중립 회수 공고는 세력 분쟁 속에서 위험물과 미지 현상을 중립적으로 다루는 공고다.,어느 세력의 편도 들지 않고 위험물과 미지 현상에 대한 중립 기록을 확보한다.,"현장은 '중립 회수' 성격의 사건으로 분류되며, 세력 분쟁 속에서 위험물과 미지 현상을 중립적으로 다루는 공고다.","분쟁 대상이 단순 소유물인지, 문명권 전체에 영향을 주는 위험물인지 확인해야 한다.",양측 세력 모두 연맹의 중립성을 의심한다.,"위험물 목록, 소유권 주장 기록, 중립 보관 인계서, 현장 관측 자료",연맹의 중립성이 무너져 세력 충돌이 악화된다.,"위험물의 실체가 확인되면 정제·자원, 던전 대응, 기록·검증 중 하나로 재분류한다.","[중립 회수] 중립 회수 공고는 세력 분쟁 속에서 위험물과 미지 현상을 중립적으로 다루는 공고다. 주요 목표는 어느 세력의 편도 들지 않고 위험물과 미지 현상에 대한 중립 기록을 확보한다. 확인해야 할 미지는 분쟁 대상이 단순 소유물인지, 문명권 전체에 영향을 주는 위험물인지 확인해야 한다. 실패 시 연맹의 중립성이 무너져 세력 충돌이 악화된다."
37,notice_037_solver_분쟁지_미지_관측,solver,해결사,분쟁·중립,분쟁지 미지 관측,중급,분쟁지 미지 관측 공고는 세력 분쟁 속에서 위험물과 미지 현상을 중립적으로 다루는 공고다.,어느 세력의 편도 들지 않고 위험물과 미지 현상에 대한 중립 기록을 확보한다.,"현장은 '분쟁지 미지 관측' 성격의 사건으로 분류되며, 세력 분쟁 속에서 위험물과 미지 현상을 중립적으로 다루는 공고다.","분쟁 대상이 단순 소유물인지, 문명권 전체에 영향을 주는 위험물인지 확인해야 한다.",양측 세력 모두 연맹의 중립성을 의심한다.,"위험물 목록, 소유권 주장 기록, 중립 보관 인계서, 현장 관측 자료",연맹의 중립성이 무너져 세력 충돌이 악화된다.,"위험물의 실체가 확인되면 정제·자원, 던전 대응, 기록·검증 중 하나로 재분류한다.","[분쟁지 미지 관측] 분쟁지 미지 관측 공고는 세력 분쟁 속에서 위험물과 미지 현상을 중립적으로 다루는 공고다. 주요 목표는 어느 세력의 편도 들지 않고 위험물과 미지 현상에 대한 중립 기록을 확보한다. 확인해야 할 미지는 분쟁 대상이 단순 소유물인지, 문명권 전체에 영향을 주는 위험물인지 확인해야 한다. 실패 시 연맹의 중립성이 무너져 세력 충돌이 악화된다."
38,notice_038_solver_미지_사안_재분류,solver,해결사,분쟁·중립,미지 사안 재분류,중급,미지 사안 재분류 공고는 세력 분쟁 속에서 위험물과 미지 현상을 중립적으로 다루는 공고다.,어느 세력의 편도 들지 않고 위험물과 미지 현상에 대한 중립 기록을 확보한다.,"현장은 '미지 사안 재분류' 성격의 사건으로 분류되며, 세력 분쟁 속에서 위험물과 미지 현상을 중립적으로 다루는 공고다.","분쟁 대상이 단순 소유물인지, 문명권 전체에 영향을 주는 위험물인지 확인해야 한다.",양측 세력 모두 연맹의 중립성을 의심한다.,"위험물 목록, 소유권 주장 기록, 중립 보관 인계서, 현장 관측 자료",연맹의 중립성이 무너져 세력 충돌이 악화된다.,"위험물의 실체가 확인되면 정제·자원, 던전 대응, 기록·검증 중 하나로 재분류한다.","[미지 사안 재분류] 미지 사안 재분류 공고는 세력 분쟁 속에서 위험물과 미지 현상을 중립적으로 다루는 공고다. 주요 목표는 어느 세력의 편도 들지 않고 위험물과 미지 현상에 대한 중립 기록을 확보한다. 확인해야 할 미지는 분쟁 대상이 단순 소유물인지, 문명권 전체에 영향을 주는 위험물인지 확인해야 한다. 실패 시 연맹의 중립성이 무너져 세력 충돌이 악화된다."
39,notice_039_solver_공동_조사_입회,solver,해결사,분쟁·중립,공동 조사 입회,중급,공동 조사 입회 공고는 세력 분쟁 속에서 위험물과 미지 현상을 중립적으로 다루는 공고다.,어느 세력의 편도 들지 않고 위험물과 미지 현상에 대한 중립 기록을 확보한다.,"현장은 '공동 조사 입회' 성격의 사건으로 분류되며, 세력 분쟁 속에서 위험물과 미지 현상을 중립적으로 다루는 공고다.","분쟁 대상이 단순 소유물인지, 문명권 전체에 영향을 주는 위험물인지 확인해야 한다.",양측 세력 모두 연맹의 중립성을 의심한다.,"위험물 목록, 소유권 주장 기록, 중립 보관 인계서, 현장 관측 자료",연맹의 중립성이 무너져 세력 충돌이 악화된다.,"위험물의 실체가 확인되면 정제·자원, 던전 대응, 기록·검증 중 하나로 재분류한다.","[공동 조사 입회] 공동 조사 입회 공고는 세력 분쟁 속에서 위험물과 미지 현상을 중립적으로 다루는 공고다. 주요 목표는 어느 세력의 편도 들지 않고 위험물과 미지 현상에 대한 중립 기록을 확보한다. 확인해야 할 미지는 분쟁 대상이 단순 소유물인지, 문명권 전체에 영향을 주는 위험물인지 확인해야 한다. 실패 시 연맹의 중립성이 무너져 세력 충돌이 악화된다."
40,notice_040_solver_위험물_보관_조정,solver,해결사,분쟁·중립,위험물 보관 조정,중급,위험물 보관 조정 공고는 세력 분쟁 속에서 위험물과 미지 현상을 중립적으로 다루는 공고다.,어느 세력의 편도 들지 않고 위험물과 미지 현상에 대한 중립 기록을 확보한다.,"현장은 '위험물 보관 조정' 성격의 사건으로 분류되며, 세력 분쟁 속에서 위험물과 미지 현상을 중립적으로 다루는 공고다.","분쟁 대상이 단순 소유물인지, 문명권 전체에 영향을 주는 위험물인지 확인해야 한다.",양측 세력 모두 연맹의 중립성을 의심한다.,"위험물 목록, 소유권 주장 기록, 중립 보관 인계서, 현장 관측 자료",연맹의 중립성이 무너져 세력 충돌이 악화된다.,"위험물의 실체가 확인되면 정제·자원, 던전 대응, 기록·검증 중 하나로 재분류한다.","[위험물 보관 조정] 위험물 보관 조정 공고는 세력 분쟁 속에서 위험물과 미지 현상을 중립적으로 다루는 공고다. 주요 목표는 어느 세력의 편도 들지 않고 위험물과 미지 현상에 대한 중립 기록을 확보한다. 확인해야 할 미지는 분쟁 대상이 단순 소유물인지, 문명권 전체에 영향을 주는 위험물인지 확인해야 한다. 실패 시 연맹의 중립성이 무너져 세력 충돌이 악화된다."
41,notice_041_pioneer_앙그라_경계_관측,pioneer,개척자,앙그라권 탐사,앙그라 경계 관측,상급 이상,앙그라 경계 관측 공고는 문명권 바깥의 안개권과 앙그라 전선에서 길과 정보를 확보하는 개척자 공고다.,"문명권 바깥의 좌표, 귀환로, 위험 지점, 거점 가능성을 확보한다.","현장은 '앙그라 경계 관측' 성격의 사건으로 분류되며, 문명권 바깥의 안개권과 앙그라 전선에서 길과 정보를 확보하는 개척자 공고다.","안개권 변화가 자연 이동인지, 앙그라의 못 또는 수호 반응과 연결되었는지 확인해야 한다.",귀환로와 방향 감각이 불안정해 탐사 지속 여부를 계속 판단해야 한다.,"안개 농도, 경계 좌표, 귀환로 기록, 거점 후보 평가",귀환로를 잃거나 확보한 좌표가 사용할 수 없게 된다.,못 또는 가디언 반응이 확인되면 고위 개척자 공고로 확장한다.,"[앙그라 경계 관측] 앙그라 경계 관측 공고는 문명권 바깥의 안개권과 앙그라 전선에서 길과 정보를 확보하는 개척자 공고다. 주요 목표는 문명권 바깥의 좌표, 귀환로, 위험 지점, 거점 가능성을 확보한다. 확인해야 할 미지는 안개권 변화가 자연 이동인지, 앙그라의 못 또는 수호 반응과 연결되었는지 확인해야 한다. 실패 시 귀환로를 잃거나 확보한 좌표가 사용할 수 없게 된다."
42,notice_042_pioneer_앙그라의_못_탐색,pioneer,개척자,앙그라권 탐사,앙그라의 못 탐색,상급 이상,앙그라의 못 탐색 공고는 문명권 바깥의 안개권과 앙그라 전선에서 길과 정보를 확보하는 개척자 공고다.,"문명권 바깥의 좌표, 귀환로, 위험 지점, 거점 가능성을 확보한다.","현장은 '앙그라의 못 탐색' 성격의 사건으로 분류되며, 문명권 바깥의 안개권과 앙그라 전선에서 길과 정보를 확보하는 개척자 공고다.","안개권 변화가 자연 이동인지, 앙그라의 못 또는 수호 반응과 연결되었는지 확인해야 한다.",귀환로와 방향 감각이 불안정해 탐사 지속 여부를 계속 판단해야 한다.,"안개 농도, 경계 좌표, 귀환로 기록, 거점 후보 평가",귀환로를 잃거나 확보한 좌표가 사용할 수 없게 된다.,못 또는 가디언 반응이 확인되면 고위 개척자 공고로 확장한다.,"[앙그라의 못 탐색] 앙그라의 못 탐색 공고는 문명권 바깥의 안개권과 앙그라 전선에서 길과 정보를 확보하는 개척자 공고다. 주요 목표는 문명권 바깥의 좌표, 귀환로, 위험 지점, 거점 가능성을 확보한다. 확인해야 할 미지는 안개권 변화가 자연 이동인지, 앙그라의 못 또는 수호 반응과 연결되었는지 확인해야 한다. 실패 시 귀환로를 잃거나 확보한 좌표가 사용할 수 없게 된다."
43,notice_043_pioneer_토템_가디언_제압,pioneer,개척자,앙그라권 탐사,토템 가디언 제압,상급 이상,토템 가디언 제압 공고는 문명권 바깥의 안개권과 앙그라 전선에서 길과 정보를 확보하는 개척자 공고다.,"문명권 바깥의 좌표, 귀환로, 위험 지점, 거점 가능성을 확보한다.","현장은 '토템 가디언 제압' 성격의 사건으로 분류되며, 문명권 바깥의 안개권과 앙그라 전선에서 길과 정보를 확보하는 개척자 공고다.","안개권 변화가 자연 이동인지, 앙그라의 못 또는 수호 반응과 연결되었는지 확인해야 한다.",귀환로와 방향 감각이 불안정해 탐사 지속 여부를 계속 판단해야 한다.,"안개 농도, 경계 좌표, 귀환로 기록, 거점 후보 평가",귀환로를 잃거나 확보한 좌표가 사용할 수 없게 된다.,못 또는 가디언 반응이 확인되면 고위 개척자 공고로 확장한다.,"[토템 가디언 제압] 토템 가디언 제압 공고는 문명권 바깥의 안개권과 앙그라 전선에서 길과 정보를 확보하는 개척자 공고다. 주요 목표는 문명권 바깥의 좌표, 귀환로, 위험 지점, 거점 가능성을 확보한다. 확인해야 할 미지는 안개권 변화가 자연 이동인지, 앙그라의 못 또는 수호 반응과 연결되었는지 확인해야 한다. 실패 시 귀환로를 잃거나 확보한 좌표가 사용할 수 없게 된다."
44,notice_044_pioneer_안개권_지도_작성,pioneer,개척자,앙그라권 탐사,안개권 지도 작성,상급 이상,안개권 지도 작성 공고는 문명권 바깥의 안개권과 앙그라 전선에서 길과 정보를 확보하는 개척자 공고다.,"문명권 바깥의 좌표, 귀환로, 위험 지점, 거점 가능성을 확보한다.","현장은 '안개권 지도 작성' 성격의 사건으로 분류되며, 문명권 바깥의 안개권과 앙그라 전선에서 길과 정보를 확보하는 개척자 공고다.","안개권 변화가 자연 이동인지, 앙그라의 못 또는 수호 반응과 연결되었는지 확인해야 한다.",귀환로와 방향 감각이 불안정해 탐사 지속 여부를 계속 판단해야 한다.,"안개 농도, 경계 좌표, 귀환로 기록, 거점 후보 평가",귀환로를 잃거나 확보한 좌표가 사용할 수 없게 된다.,못 또는 가디언 반응이 확인되면 고위 개척자 공고로 확장한다.,"[안개권 지도 작성] 안개권 지도 작성 공고는 문명권 바깥의 안개권과 앙그라 전선에서 길과 정보를 확보하는 개척자 공고다. 주요 목표는 문명권 바깥의 좌표, 귀환로, 위험 지점, 거점 가능성을 확보한다. 확인해야 할 미지는 안개권 변화가 자연 이동인지, 앙그라의 못 또는 수호 반응과 연결되었는지 확인해야 한다. 실패 시 귀환로를 잃거나 확보한 좌표가 사용할 수 없게 된다."
45,notice_045_pioneer_안개권_생태_변이_조사,pioneer,개척자,앙그라권 탐사,안개권 생태·변이 조사,상급 이상,안개권 생태·변이 조사 공고는 문명권 바깥의 안개권과 앙그라 전선에서 길과 정보를 확보하는 개척자 공고다.,"문명권 바깥의 좌표, 귀환로, 위험 지점, 거점 가능성을 확보한다.","현장은 '안개권 생태·변이 조사' 성격의 사건으로 분류되며, 문명권 바깥의 안개권과 앙그라 전선에서 길과 정보를 확보하는 개척자 공고다.","안개권 변화가 자연 이동인지, 앙그라의 못 또는 수호 반응과 연결되었는지 확인해야 한다.",귀환로와 방향 감각이 불안정해 탐사 지속 여부를 계속 판단해야 한다.,"안개 농도, 경계 좌표, 귀환로 기록, 거점 후보 평가",귀환로를 잃거나 확보한 좌표가 사용할 수 없게 된다.,못 또는 가디언 반응이 확인되면 고위 개척자 공고로 확장한다.,"[안개권 생태·변이 조사] 안개권 생태·변이 조사 공고는 문명권 바깥의 안개권과 앙그라 전선에서 길과 정보를 확보하는 개척자 공고다. 주요 목표는 문명권 바깥의 좌표, 귀환로, 위험 지점, 거점 가능성을 확보한다. 확인해야 할 미지는 안개권 변화가 자연 이동인지, 앙그라의 못 또는 수호 반응과 연결되었는지 확인해야 한다. 실패 시 귀환로를 잃거나 확보한 좌표가 사용할 수 없게 된다."
46,notice_046_classified_재앙_표식_조사,classified,기밀,재앙 대응,재앙 표식 조사,중급~상급,"폐허와 민가, 지하 구조물에서 발견된 원인 불명의 재앙 표식을 조사한다.",공개적으로 설명되지 않는 재앙성 현상의 피해 양상과 연결 단서를 확보한다.,"현장은 '재앙 표식 조사' 성격의 사건으로 분류되며, 원인 미상의 표식, 공포 확산, 재앙성 의식과 연결망을 제한 공개 방식으로 다루는 공고다.","재앙성 현상이 우발적 피해인지, 반복되는 배후 구조를 지녔는지 확인해야 한다.",공개 명분과 실제 위험 사이의 간극 때문에 성급한 색출이나 소문 확산이 발생할 수 있다.,"반복 증언, 재앙 표식, 오염 기록, 연결 단서",재앙성 현상의 연결망을 놓쳐 다른 지역에서 반복 피해가 발생한다.,반복 패턴이 확인되면 내부 기밀 조사로 전환한다.,"[재앙 표식 조사] 폐허와 민가, 지하 구조물에서 발견된 원인 불명의 재앙 표식을 조사한다. 주요 목표는 공개적으로 설명되지 않는 재앙성 현상의 피해 양상과 연결 단서를 확보한다. 확인해야 할 미지는 재앙성 현상이 우발적 피해인지, 반복되는 배후 구조를 지녔는지 확인해야 한다. 실패 시 재앙성 현상의 연결망을 놓쳐 다른 지역에서 반복 피해가 발생한다."
47,notice_047_classified_재앙_매개자_식별,classified,기밀,재앙 대응,재앙 매개자 식별,중급~상급,재앙성 사건을 확산시키는 인물이나 위장된 매개자를 식별한다.,공개적으로 설명되지 않는 재앙성 현상의 피해 양상과 연결 단서를 확보한다.,"현장은 '재앙 매개자 식별' 성격의 사건으로 분류되며, 원인 미상의 표식, 공포 확산, 재앙성 의식과 연결망을 제한 공개 방식으로 다루는 공고다.","재앙성 현상이 우발적 피해인지, 반복되는 배후 구조를 지녔는지 확인해야 한다.",공개 명분과 실제 위험 사이의 간극 때문에 성급한 색출이나 소문 확산이 발생할 수 있다.,"반복 증언, 재앙 표식, 오염 기록, 연결 단서",재앙성 현상의 연결망을 놓쳐 다른 지역에서 반복 피해가 발생한다.,반복 패턴이 확인되면 내부 기밀 조사로 전환한다.,"[재앙 매개자 식별] 재앙성 사건을 확산시키는 인물이나 위장된 매개자를 식별한다. 주요 목표는 공개적으로 설명되지 않는 재앙성 현상의 피해 양상과 연결 단서를 확보한다. 확인해야 할 미지는 재앙성 현상이 우발적 피해인지, 반복되는 배후 구조를 지녔는지 확인해야 한다. 실패 시 재앙성 현상의 연결망을 놓쳐 다른 지역에서 반복 피해가 발생한다."
48,notice_048_classified_재앙성_공포_확산_차단,classified,기밀,재앙 대응,재앙성 공포 확산 차단,중급~상급,"소문과 불신, 공포가 공동체를 붕괴시키기 전에 확산 경로를 차단한다.",공개적으로 설명되지 않는 재앙성 현상의 피해 양상과 연결 단서를 확보한다.,"현장은 '재앙성 공포 확산 차단' 성격의 사건으로 분류되며, 원인 미상의 표식, 공포 확산, 재앙성 의식과 연결망을 제한 공개 방식으로 다루는 공고다.","재앙성 현상이 우발적 피해인지, 반복되는 배후 구조를 지녔는지 확인해야 한다.",공개 명분과 실제 위험 사이의 간극 때문에 성급한 색출이나 소문 확산이 발생할 수 있다.,"반복 증언, 재앙 표식, 오염 기록, 연결 단서",재앙성 현상의 연결망을 놓쳐 다른 지역에서 반복 피해가 발생한다.,반복 패턴이 확인되면 내부 기밀 조사로 전환한다.,"[재앙성 공포 확산 차단] 소문과 불신, 공포가 공동체를 붕괴시키기 전에 확산 경로를 차단한다. 주요 목표는 공개적으로 설명되지 않는 재앙성 현상의 피해 양상과 연결 단서를 확보한다. 확인해야 할 미지는 재앙성 현상이 우발적 피해인지, 반복되는 배후 구조를 지녔는지 확인해야 한다. 실패 시 재앙성 현상의 연결망을 놓쳐 다른 지역에서 반복 피해가 발생한다."
49,notice_049_classified_재앙_의식_저지,classified,기밀,재앙 대응,재앙 의식 저지,중급~상급,"흑마석, 정제 실패품, 잔향 흔적이 동원된 재앙성 의식을 저지한다.",공개적으로 설명되지 않는 재앙성 현상의 피해 양상과 연결 단서를 확보한다.,"현장은 '재앙 의식 저지' 성격의 사건으로 분류되며, 원인 미상의 표식, 공포 확산, 재앙성 의식과 연결망을 제한 공개 방식으로 다루는 공고다.","재앙성 현상이 우발적 피해인지, 반복되는 배후 구조를 지녔는지 확인해야 한다.",공개 명분과 실제 위험 사이의 간극 때문에 성급한 색출이나 소문 확산이 발생할 수 있다.,"반복 증언, 재앙 표식, 오염 기록, 연결 단서",재앙성 현상의 연결망을 놓쳐 다른 지역에서 반복 피해가 발생한다.,반복 패턴이 확인되면 내부 기밀 조사로 전환한다.,"[재앙 의식 저지] 흑마석, 정제 실패품, 잔향 흔적이 동원된 재앙성 의식을 저지한다. 주요 목표는 공개적으로 설명되지 않는 재앙성 현상의 피해 양상과 연결 단서를 확보한다. 확인해야 할 미지는 재앙성 현상이 우발적 피해인지, 반복되는 배후 구조를 지녔는지 확인해야 한다. 실패 시 재앙성 현상의 연결망을 놓쳐 다른 지역에서 반복 피해가 발생한다."
50,notice_050_classified_재앙_연결망_추적,classified,기밀,재앙 대응,재앙 연결망 추적,중급~상급,여러 지역의 재앙성 사건이 같은 물자와 기록 흐름을 따르는지 추적한다.,공개적으로 설명되지 않는 재앙성 현상의 피해 양상과 연결 단서를 확보한다.,"현장은 '재앙 연결망 추적' 성격의 사건으로 분류되며, 원인 미상의 표식, 공포 확산, 재앙성 의식과 연결망을 제한 공개 방식으로 다루는 공고다.","재앙성 현상이 우발적 피해인지, 반복되는 배후 구조를 지녔는지 확인해야 한다.",공개 명분과 실제 위험 사이의 간극 때문에 성급한 색출이나 소문 확산이 발생할 수 있다.,"반복 증언, 재앙 표식, 오염 기록, 연결 단서",재앙성 현상의 연결망을 놓쳐 다른 지역에서 반복 피해가 발생한다.,반복 패턴이 확인되면 내부 기밀 조사로 전환한다.,"[재앙 연결망 추적] 여러 지역의 재앙성 사건이 같은 물자와 기록 흐름을 따르는지 추적한다. 주요 목표는 공개적으로 설명되지 않는 재앙성 현상의 피해 양상과 연결 단서를 확보한다. 확인해야 할 미지는 재앙성 현상이 우발적 피해인지, 반복되는 배후 구조를 지녔는지 확인해야 한다. 실패 시 재앙성 현상의 연결망을 놓쳐 다른 지역에서 반복 피해가 발생한다."
51,notice_051_solver_개척지_안전_진단,solver,해결사,문명권 안전 관리,개척지 안전 진단,하급~중급,"개척지 안전 진단 공고는 이미 개척이 끝난 정착지, 교역로, 초소, 피난처의 안정성을 점검하는 해결사 공고다.","문명권 관리 구역의 시설, 경로, 수원, 피난처가 유지 가능한지 판정한다.","현장은 '개척지 안전 진단' 성격의 사건으로 분류되며, 이미 개척이 끝난 정착지, 교역로, 초소, 피난처의 안정성을 점검하는 해결사 공고다.","관리 구역이 실제로 안전한지, 아직 보이지 않는 잔류 위험을 품고 있는지 확인해야 한다.",이미 안전하다고 믿는 주민과 관리자가 재점검을 불쾌하게 여긴다.,"수원·피난처·초소·교역로 점검표, 잔향 반응, 주민 증언",안전 판정 오류로 정착지나 교역로 피해가 확대된다.,잔향 또는 공간 왜곡이 확인되면 잔향·침식 조사나 시설·방어·봉인으로 확장한다.,"[개척지 안전 진단] 개척지 안전 진단 공고는 이미 개척이 끝난 정착지, 교역로, 초소, 피난처의 안정성을 점검하는 해결사 공고다. 주요 목표는 문명권 관리 구역의 시설, 경로, 수원, 피난처가 유지 가능한지 판정한다. 확인해야 할 미지는 관리 구역이 실제로 안전한지, 아직 보이지 않는 잔류 위험을 품고 있는지 확인해야 한다. 실패 시 안전 판정 오류로 정착지나 교역로 피해가 확대된다."
52,notice_052_solver_이주로_검증,solver,해결사,문명권 안전 관리,이주로 검증,하급~중급,"이주로 검증 공고는 이미 개척이 끝난 정착지, 교역로, 초소, 피난처의 안정성을 점검하는 해결사 공고다.","문명권 관리 구역의 시설, 경로, 수원, 피난처가 유지 가능한지 판정한다.","현장은 '이주로 검증' 성격의 사건으로 분류되며, 이미 개척이 끝난 정착지, 교역로, 초소, 피난처의 안정성을 점검하는 해결사 공고다.","관리 구역이 실제로 안전한지, 아직 보이지 않는 잔류 위험을 품고 있는지 확인해야 한다.",이미 안전하다고 믿는 주민과 관리자가 재점검을 불쾌하게 여긴다.,"수원·피난처·초소·교역로 점검표, 잔향 반응, 주민 증언",안전 판정 오류로 정착지나 교역로 피해가 확대된다.,잔향 또는 공간 왜곡이 확인되면 잔향·침식 조사나 시설·방어·봉인으로 확장한다.,"[이주로 검증] 이주로 검증 공고는 이미 개척이 끝난 정착지, 교역로, 초소, 피난처의 안정성을 점검하는 해결사 공고다. 주요 목표는 문명권 관리 구역의 시설, 경로, 수원, 피난처가 유지 가능한지 판정한다. 확인해야 할 미지는 관리 구역이 실제로 안전한지, 아직 보이지 않는 잔류 위험을 품고 있는지 확인해야 한다. 실패 시 안전 판정 오류로 정착지나 교역로 피해가 확대된다."
53,notice_053_solver_교역로_재개통,solver,해결사,문명권 안전 관리,교역로 재개통,하급~중급,"교역로 재개통 공고는 이미 개척이 끝난 정착지, 교역로, 초소, 피난처의 안정성을 점검하는 해결사 공고다.","문명권 관리 구역의 시설, 경로, 수원, 피난처가 유지 가능한지 판정한다.","현장은 '교역로 재개통' 성격의 사건으로 분류되며, 이미 개척이 끝난 정착지, 교역로, 초소, 피난처의 안정성을 점검하는 해결사 공고다.","관리 구역이 실제로 안전한지, 아직 보이지 않는 잔류 위험을 품고 있는지 확인해야 한다.",이미 안전하다고 믿는 주민과 관리자가 재점검을 불쾌하게 여긴다.,"수원·피난처·초소·교역로 점검표, 잔향 반응, 주민 증언",안전 판정 오류로 정착지나 교역로 피해가 확대된다.,잔향 또는 공간 왜곡이 확인되면 잔향·침식 조사나 시설·방어·봉인으로 확장한다.,"[교역로 재개통] 교역로 재개통 공고는 이미 개척이 끝난 정착지, 교역로, 초소, 피난처의 안정성을 점검하는 해결사 공고다. 주요 목표는 문명권 관리 구역의 시설, 경로, 수원, 피난처가 유지 가능한지 판정한다. 확인해야 할 미지는 관리 구역이 실제로 안전한지, 아직 보이지 않는 잔류 위험을 품고 있는지 확인해야 한다. 실패 시 안전 판정 오류로 정착지나 교역로 피해가 확대된다."
54,notice_054_solver_초소_재가동,solver,해결사,문명권 안전 관리,초소 재가동,하급~중급,"초소 재가동 공고는 이미 개척이 끝난 정착지, 교역로, 초소, 피난처의 안정성을 점검하는 해결사 공고다.","문명권 관리 구역의 시설, 경로, 수원, 피난처가 유지 가능한지 판정한다.","현장은 '초소 재가동' 성격의 사건으로 분류되며, 이미 개척이 끝난 정착지, 교역로, 초소, 피난처의 안정성을 점검하는 해결사 공고다.","관리 구역이 실제로 안전한지, 아직 보이지 않는 잔류 위험을 품고 있는지 확인해야 한다.",이미 안전하다고 믿는 주민과 관리자가 재점검을 불쾌하게 여긴다.,"수원·피난처·초소·교역로 점검표, 잔향 반응, 주민 증언",안전 판정 오류로 정착지나 교역로 피해가 확대된다.,잔향 또는 공간 왜곡이 확인되면 잔향·침식 조사나 시설·방어·봉인으로 확장한다.,"[초소 재가동] 초소 재가동 공고는 이미 개척이 끝난 정착지, 교역로, 초소, 피난처의 안정성을 점검하는 해결사 공고다. 주요 목표는 문명권 관리 구역의 시설, 경로, 수원, 피난처가 유지 가능한지 판정한다. 확인해야 할 미지는 관리 구역이 실제로 안전한지, 아직 보이지 않는 잔류 위험을 품고 있는지 확인해야 한다. 실패 시 안전 판정 오류로 정착지나 교역로 피해가 확대된다."
55,notice_055_solver_피난처_검증,solver,해결사,문명권 안전 관리,피난처 검증,하급~중급,"피난처 검증 공고는 이미 개척이 끝난 정착지, 교역로, 초소, 피난처의 안정성을 점검하는 해결사 공고다.","문명권 관리 구역의 시설, 경로, 수원, 피난처가 유지 가능한지 판정한다.","현장은 '피난처 검증' 성격의 사건으로 분류되며, 이미 개척이 끝난 정착지, 교역로, 초소, 피난처의 안정성을 점검하는 해결사 공고다.","관리 구역이 실제로 안전한지, 아직 보이지 않는 잔류 위험을 품고 있는지 확인해야 한다.",이미 안전하다고 믿는 주민과 관리자가 재점검을 불쾌하게 여긴다.,"수원·피난처·초소·교역로 점검표, 잔향 반응, 주민 증언",안전 판정 오류로 정착지나 교역로 피해가 확대된다.,잔향 또는 공간 왜곡이 확인되면 잔향·침식 조사나 시설·방어·봉인으로 확장한다.,"[피난처 검증] 피난처 검증 공고는 이미 개척이 끝난 정착지, 교역로, 초소, 피난처의 안정성을 점검하는 해결사 공고다. 주요 목표는 문명권 관리 구역의 시설, 경로, 수원, 피난처가 유지 가능한지 판정한다. 확인해야 할 미지는 관리 구역이 실제로 안전한지, 아직 보이지 않는 잔류 위험을 품고 있는지 확인해야 한다. 실패 시 안전 판정 오류로 정착지나 교역로 피해가 확대된다."
56,notice_056_hunter_위험_개체_토벌,hunter,사냥꾼,몬스터 사냥,위험 개체 토벌,중급,위험 개체 토벌 공고는 위험 개체와 변이 생태를 추적·포획·제압하고 부산물을 회수하는 사냥꾼 공고다.,"위험 개체를 추적하고 필요 시 제압하며, 변이 여부와 피해 범위를 확인한다.","현장은 '위험 개체 토벌' 성격의 사건으로 분류되며, 위험 개체와 변이 생태를 추적·포획·제압하고 부산물을 회수하는 사냥꾼 공고다.","표적이 단순 야생 개체인지, 던전·잔향·흑마석에 영향을 받은 개체인지 확인해야 한다.","민간인은 즉시 토벌을 요구하지만, 과잉 제압은 원인 규명을 방해할 수 있다.","이동 경로, 발자국, 혈액·체액 시료, 부산물, 피해 범위",표적이 도주하거나 과잉 토벌로 생태와 증거가 훼손된다.,변이 원인이 확인되면 잔향 변이 사냥 또는 던전 대응으로 재분류한다.,"[위험 개체 토벌] 위험 개체 토벌 공고는 위험 개체와 변이 생태를 추적·포획·제압하고 부산물을 회수하는 사냥꾼 공고다. 주요 목표는 위험 개체를 추적하고 필요 시 제압하며, 변이 여부와 피해 범위를 확인한다. 확인해야 할 미지는 표적이 단순 야생 개체인지, 던전·잔향·흑마석에 영향을 받은 개체인지 확인해야 한다. 실패 시 표적이 도주하거나 과잉 토벌로 생태와 증거가 훼손된다."
57,notice_057_hunter_알파_개체_추적,hunter,사냥꾼,몬스터 사냥,알파 개체 추적,중급,알파 개체 추적 공고는 위험 개체와 변이 생태를 추적·포획·제압하고 부산물을 회수하는 사냥꾼 공고다.,"위험 개체를 추적하고 필요 시 제압하며, 변이 여부와 피해 범위를 확인한다.","현장은 '알파 개체 추적' 성격의 사건으로 분류되며, 위험 개체와 변이 생태를 추적·포획·제압하고 부산물을 회수하는 사냥꾼 공고다.","표적이 단순 야생 개체인지, 던전·잔향·흑마석에 영향을 받은 개체인지 확인해야 한다.","민간인은 즉시 토벌을 요구하지만, 과잉 제압은 원인 규명을 방해할 수 있다.","이동 경로, 발자국, 혈액·체액 시료, 부산물, 피해 범위",표적이 도주하거나 과잉 토벌로 생태와 증거가 훼손된다.,변이 원인이 확인되면 잔향 변이 사냥 또는 던전 대응으로 재분류한다.,"[알파 개체 추적] 알파 개체 추적 공고는 위험 개체와 변이 생태를 추적·포획·제압하고 부산물을 회수하는 사냥꾼 공고다. 주요 목표는 위험 개체를 추적하고 필요 시 제압하며, 변이 여부와 피해 범위를 확인한다. 확인해야 할 미지는 표적이 단순 야생 개체인지, 던전·잔향·흑마석에 영향을 받은 개체인지 확인해야 한다. 실패 시 표적이 도주하거나 과잉 토벌로 생태와 증거가 훼손된다."
58,notice_058_hunter_변이_개체_포획,hunter,사냥꾼,몬스터 사냥,변이 개체 포획,중급,변이 개체 포획 공고는 위험 개체와 변이 생태를 추적·포획·제압하고 부산물을 회수하는 사냥꾼 공고다.,"위험 개체를 추적하고 필요 시 제압하며, 변이 여부와 피해 범위를 확인한다.","현장은 '변이 개체 포획' 성격의 사건으로 분류되며, 위험 개체와 변이 생태를 추적·포획·제압하고 부산물을 회수하는 사냥꾼 공고다.","표적이 단순 야생 개체인지, 던전·잔향·흑마석에 영향을 받은 개체인지 확인해야 한다.","민간인은 즉시 토벌을 요구하지만, 과잉 제압은 원인 규명을 방해할 수 있다.","이동 경로, 발자국, 혈액·체액 시료, 부산물, 피해 범위",표적이 도주하거나 과잉 토벌로 생태와 증거가 훼손된다.,변이 원인이 확인되면 잔향 변이 사냥 또는 던전 대응으로 재분류한다.,"[변이 개체 포획] 변이 개체 포획 공고는 위험 개체와 변이 생태를 추적·포획·제압하고 부산물을 회수하는 사냥꾼 공고다. 주요 목표는 위험 개체를 추적하고 필요 시 제압하며, 변이 여부와 피해 범위를 확인한다. 확인해야 할 미지는 표적이 단순 야생 개체인지, 던전·잔향·흑마석에 영향을 받은 개체인지 확인해야 한다. 실패 시 표적이 도주하거나 과잉 토벌로 생태와 증거가 훼손된다."
59,notice_059_hunter_몬스터_부산물_회수,hunter,사냥꾼,몬스터 사냥,몬스터 부산물 회수,중급,몬스터 부산물 회수 공고는 위험 개체와 변이 생태를 추적·포획·제압하고 부산물을 회수하는 사냥꾼 공고다.,"위험 개체를 추적하고 필요 시 제압하며, 변이 여부와 피해 범위를 확인한다.","현장은 '몬스터 부산물 회수' 성격의 사건으로 분류되며, 위험 개체와 변이 생태를 추적·포획·제압하고 부산물을 회수하는 사냥꾼 공고다.","표적이 단순 야생 개체인지, 던전·잔향·흑마석에 영향을 받은 개체인지 확인해야 한다.","민간인은 즉시 토벌을 요구하지만, 과잉 제압은 원인 규명을 방해할 수 있다.","이동 경로, 발자국, 혈액·체액 시료, 부산물, 피해 범위",표적이 도주하거나 과잉 토벌로 생태와 증거가 훼손된다.,변이 원인이 확인되면 잔향 변이 사냥 또는 던전 대응으로 재분류한다.,"[몬스터 부산물 회수] 몬스터 부산물 회수 공고는 위험 개체와 변이 생태를 추적·포획·제압하고 부산물을 회수하는 사냥꾼 공고다. 주요 목표는 위험 개체를 추적하고 필요 시 제압하며, 변이 여부와 피해 범위를 확인한다. 확인해야 할 미지는 표적이 단순 야생 개체인지, 던전·잔향·흑마석에 영향을 받은 개체인지 확인해야 한다. 실패 시 표적이 도주하거나 과잉 토벌로 생태와 증거가 훼손된다."
60,notice_060_hunter_서식지_둥지_정리,hunter,사냥꾼,몬스터 사냥,서식지·둥지 정리,중급,서식지·둥지 정리 공고는 위험 개체와 변이 생태를 추적·포획·제압하고 부산물을 회수하는 사냥꾼 공고다.,"위험 개체를 추적하고 필요 시 제압하며, 변이 여부와 피해 범위를 확인한다.","현장은 '서식지·둥지 정리' 성격의 사건으로 분류되며, 위험 개체와 변이 생태를 추적·포획·제압하고 부산물을 회수하는 사냥꾼 공고다.","표적이 단순 야생 개체인지, 던전·잔향·흑마석에 영향을 받은 개체인지 확인해야 한다.","민간인은 즉시 토벌을 요구하지만, 과잉 제압은 원인 규명을 방해할 수 있다.","이동 경로, 발자국, 혈액·체액 시료, 부산물, 피해 범위",표적이 도주하거나 과잉 토벌로 생태와 증거가 훼손된다.,변이 원인이 확인되면 잔향 변이 사냥 또는 던전 대응으로 재분류한다.,"[서식지·둥지 정리] 서식지·둥지 정리 공고는 위험 개체와 변이 생태를 추적·포획·제압하고 부산물을 회수하는 사냥꾼 공고다. 주요 목표는 위험 개체를 추적하고 필요 시 제압하며, 변이 여부와 피해 범위를 확인한다. 확인해야 할 미지는 표적이 단순 야생 개체인지, 던전·잔향·흑마석에 영향을 받은 개체인지 확인해야 한다. 실패 시 표적이 도주하거나 과잉 토벌로 생태와 증거가 훼손된다."
61,notice_061_hunter_잔향_변이체_토벌,hunter,사냥꾼,잔향 변이 사냥,잔향 변이체 토벌,상급,"잔향 변이체 토벌 공고는 잔향, 룬, 흑마석, 안개에 의해 변질된 개체를 추적하고 판정하는 사냥꾼 공고다.",잔향성 변이 개체를 추적하고 시료와 행동 기록을 확보한다.,"현장은 '잔향 변이체 토벌' 성격의 사건으로 분류되며, 잔향, 룬, 흑마석, 안개에 의해 변질된 개체를 추적하고 판정하는 사냥꾼 공고다.","변이 원인이 잔향 노출인지, 룬·흑마석·안개 적응의 결과인지 확인해야 한다.",표적의 사체나 혈액이 추가 오염원이 될 수 있다.,"변이 시료, 룬 흔적, 체내 반응, 사후 오염 기록",표적 사후 오염이 퍼지거나 변이 원인을 확인하지 못한다.,룬·흑마석·안개 적응 반응에 따라 전문 조사 공고로 확장한다.,"[잔향 변이체 토벌] 잔향 변이체 토벌 공고는 잔향, 룬, 흑마석, 안개에 의해 변질된 개체를 추적하고 판정하는 사냥꾼 공고다. 주요 목표는 잔향성 변이 개체를 추적하고 시료와 행동 기록을 확보한다. 확인해야 할 미지는 변이 원인이 잔향 노출인지, 룬·흑마석·안개 적응의 결과인지 확인해야 한다. 실패 시 표적 사후 오염이 퍼지거나 변이 원인을 확인하지 못한다."
62,notice_062_hunter_룬_각인_개체_조사,hunter,사냥꾼,잔향 변이 사냥,룬 각인 개체 조사,상급,"룬 각인 개체 조사 공고는 잔향, 룬, 흑마석, 안개에 의해 변질된 개체를 추적하고 판정하는 사냥꾼 공고다.",잔향성 변이 개체를 추적하고 시료와 행동 기록을 확보한다.,"현장은 '룬 각인 개체 조사' 성격의 사건으로 분류되며, 잔향, 룬, 흑마석, 안개에 의해 변질된 개체를 추적하고 판정하는 사냥꾼 공고다.","변이 원인이 잔향 노출인지, 룬·흑마석·안개 적응의 결과인지 확인해야 한다.",표적의 사체나 혈액이 추가 오염원이 될 수 있다.,"변이 시료, 룬 흔적, 체내 반응, 사후 오염 기록",표적 사후 오염이 퍼지거나 변이 원인을 확인하지 못한다.,룬·흑마석·안개 적응 반응에 따라 전문 조사 공고로 확장한다.,"[룬 각인 개체 조사] 룬 각인 개체 조사 공고는 잔향, 룬, 흑마석, 안개에 의해 변질된 개체를 추적하고 판정하는 사냥꾼 공고다. 주요 목표는 잔향성 변이 개체를 추적하고 시료와 행동 기록을 확보한다. 확인해야 할 미지는 변이 원인이 잔향 노출인지, 룬·흑마석·안개 적응의 결과인지 확인해야 한다. 실패 시 표적 사후 오염이 퍼지거나 변이 원인을 확인하지 못한다."
63,notice_063_hunter_흑마석_섭취_개체_포획,hunter,사냥꾼,잔향 변이 사냥,흑마석 섭취 개체 포획,상급,"흑마석 섭취 개체 포획 공고는 잔향, 룬, 흑마석, 안개에 의해 변질된 개체를 추적하고 판정하는 사냥꾼 공고다.",잔향성 변이 개체를 추적하고 시료와 행동 기록을 확보한다.,"현장은 '흑마석 섭취 개체 포획' 성격의 사건으로 분류되며, 잔향, 룬, 흑마석, 안개에 의해 변질된 개체를 추적하고 판정하는 사냥꾼 공고다.","변이 원인이 잔향 노출인지, 룬·흑마석·안개 적응의 결과인지 확인해야 한다.",표적의 사체나 혈액이 추가 오염원이 될 수 있다.,"변이 시료, 룬 흔적, 체내 반응, 사후 오염 기록",표적 사후 오염이 퍼지거나 변이 원인을 확인하지 못한다.,룬·흑마석·안개 적응 반응에 따라 전문 조사 공고로 확장한다.,"[흑마석 섭취 개체 포획] 흑마석 섭취 개체 포획 공고는 잔향, 룬, 흑마석, 안개에 의해 변질된 개체를 추적하고 판정하는 사냥꾼 공고다. 주요 목표는 잔향성 변이 개체를 추적하고 시료와 행동 기록을 확보한다. 확인해야 할 미지는 변이 원인이 잔향 노출인지, 룬·흑마석·안개 적응의 결과인지 확인해야 한다. 실패 시 표적 사후 오염이 퍼지거나 변이 원인을 확인하지 못한다."
64,notice_064_hunter_안개_적응종_추적,hunter,사냥꾼,잔향 변이 사냥,안개 적응종 추적,상급,"안개 적응종 추적 공고는 잔향, 룬, 흑마석, 안개에 의해 변질된 개체를 추적하고 판정하는 사냥꾼 공고다.",잔향성 변이 개체를 추적하고 시료와 행동 기록을 확보한다.,"현장은 '안개 적응종 추적' 성격의 사건으로 분류되며, 잔향, 룬, 흑마석, 안개에 의해 변질된 개체를 추적하고 판정하는 사냥꾼 공고다.","변이 원인이 잔향 노출인지, 룬·흑마석·안개 적응의 결과인지 확인해야 한다.",표적의 사체나 혈액이 추가 오염원이 될 수 있다.,"변이 시료, 룬 흔적, 체내 반응, 사후 오염 기록",표적 사후 오염이 퍼지거나 변이 원인을 확인하지 못한다.,룬·흑마석·안개 적응 반응에 따라 전문 조사 공고로 확장한다.,"[안개 적응종 추적] 안개 적응종 추적 공고는 잔향, 룬, 흑마석, 안개에 의해 변질된 개체를 추적하고 판정하는 사냥꾼 공고다. 주요 목표는 잔향성 변이 개체를 추적하고 시료와 행동 기록을 확보한다. 확인해야 할 미지는 변이 원인이 잔향 노출인지, 룬·흑마석·안개 적응의 결과인지 확인해야 한다. 실패 시 표적 사후 오염이 퍼지거나 변이 원인을 확인하지 못한다."
65,notice_065_hunter_가디언화_개체_판정,hunter,사냥꾼,잔향 변이 사냥,가디언화 개체 판정,상급,"가디언화 개체 판정 공고는 잔향, 룬, 흑마석, 안개에 의해 변질된 개체를 추적하고 판정하는 사냥꾼 공고다.",잔향성 변이 개체를 추적하고 시료와 행동 기록을 확보한다.,"현장은 '가디언화 개체 판정' 성격의 사건으로 분류되며, 잔향, 룬, 흑마석, 안개에 의해 변질된 개체를 추적하고 판정하는 사냥꾼 공고다.","변이 원인이 잔향 노출인지, 룬·흑마석·안개 적응의 결과인지 확인해야 한다.",표적의 사체나 혈액이 추가 오염원이 될 수 있다.,"변이 시료, 룬 흔적, 체내 반응, 사후 오염 기록",표적 사후 오염이 퍼지거나 변이 원인을 확인하지 못한다.,룬·흑마석·안개 적응 반응에 따라 전문 조사 공고로 확장한다.,"[가디언화 개체 판정] 가디언화 개체 판정 공고는 잔향, 룬, 흑마석, 안개에 의해 변질된 개체를 추적하고 판정하는 사냥꾼 공고다. 주요 목표는 잔향성 변이 개체를 추적하고 시료와 행동 기록을 확보한다. 확인해야 할 미지는 변이 원인이 잔향 노출인지, 룬·흑마석·안개 적응의 결과인지 확인해야 한다. 실패 시 표적 사후 오염이 퍼지거나 변이 원인을 확인하지 못한다."
66,notice_066_solver_전장_잔향_조사,solver,해결사,전쟁·전장 조사,전장 잔향 조사,중급~상급,"전장 잔향 조사 공고는 전쟁터에서 드러난 미지, 잔향, 유물, 오염 병기, 실종 기록을 조사하는 공고다.",전장에 남은 미지 현상과 위험 기록을 확보하되 전쟁의 승패에는 개입하지 않는다.,"현장은 '전장 잔향 조사' 성격의 사건으로 분류되며, 전쟁터에서 드러난 미지, 잔향, 유물, 오염 병기, 실종 기록을 조사하는 공고다.","전쟁 피해 속에서 드러난 이상이 전술적 사건인지, 미지 현상인지 확인해야 한다.",교전 세력은 연맹 조사를 정찰·첩보 행위로 오해할 수 있다.,"전장 좌표, 잔향 기록, 유물·병기 증거, 실종 기록",조사가 전쟁 개입으로 오해받거나 핵심 증거가 은폐된다.,"민간 피해가 우선될 경우 전시 민생·구호로 전환하고, 오염 병기가 확인되면 정제·자원으로 확장한다.","[전장 잔향 조사] 전장 잔향 조사 공고는 전쟁터에서 드러난 미지, 잔향, 유물, 오염 병기, 실종 기록을 조사하는 공고다. 주요 목표는 전장에 남은 미지 현상과 위험 기록을 확보하되 전쟁의 승패에는 개입하지 않는다. 확인해야 할 미지는 전쟁 피해 속에서 드러난 이상이 전술적 사건인지, 미지 현상인지 확인해야 한다. 실패 시 조사가 전쟁 개입으로 오해받거나 핵심 증거가 은폐된다."
67,notice_067_solver_전쟁_유물_회수,solver,해결사,전쟁·전장 조사,전쟁 유물 회수,중급~상급,"전쟁 유물 회수 공고는 전쟁터에서 드러난 미지, 잔향, 유물, 오염 병기, 실종 기록을 조사하는 공고다.",전장에 남은 미지 현상과 위험 기록을 확보하되 전쟁의 승패에는 개입하지 않는다.,"현장은 '전쟁 유물 회수' 성격의 사건으로 분류되며, 전쟁터에서 드러난 미지, 잔향, 유물, 오염 병기, 실종 기록을 조사하는 공고다.","전쟁 피해 속에서 드러난 이상이 전술적 사건인지, 미지 현상인지 확인해야 한다.",교전 세력은 연맹 조사를 정찰·첩보 행위로 오해할 수 있다.,"전장 좌표, 잔향 기록, 유물·병기 증거, 실종 기록",조사가 전쟁 개입으로 오해받거나 핵심 증거가 은폐된다.,"민간 피해가 우선될 경우 전시 민생·구호로 전환하고, 오염 병기가 확인되면 정제·자원으로 확장한다.","[전쟁 유물 회수] 전쟁 유물 회수 공고는 전쟁터에서 드러난 미지, 잔향, 유물, 오염 병기, 실종 기록을 조사하는 공고다. 주요 목표는 전장에 남은 미지 현상과 위험 기록을 확보하되 전쟁의 승패에는 개입하지 않는다. 확인해야 할 미지는 전쟁 피해 속에서 드러난 이상이 전술적 사건인지, 미지 현상인지 확인해야 한다. 실패 시 조사가 전쟁 개입으로 오해받거나 핵심 증거가 은폐된다."
68,notice_068_solver_군사_던전_발생_대응,solver,해결사,전쟁·전장 조사,군사 던전 발생 대응,중급~상급,"군사 던전 발생 대응 공고는 전쟁터에서 드러난 미지, 잔향, 유물, 오염 병기, 실종 기록을 조사하는 공고다.",전장에 남은 미지 현상과 위험 기록을 확보하되 전쟁의 승패에는 개입하지 않는다.,"현장은 '군사 던전 발생 대응' 성격의 사건으로 분류되며, 전쟁터에서 드러난 미지, 잔향, 유물, 오염 병기, 실종 기록을 조사하는 공고다.","전쟁 피해 속에서 드러난 이상이 전술적 사건인지, 미지 현상인지 확인해야 한다.",교전 세력은 연맹 조사를 정찰·첩보 행위로 오해할 수 있다.,"전장 좌표, 잔향 기록, 유물·병기 증거, 실종 기록",조사가 전쟁 개입으로 오해받거나 핵심 증거가 은폐된다.,"민간 피해가 우선될 경우 전시 민생·구호로 전환하고, 오염 병기가 확인되면 정제·자원으로 확장한다.","[군사 던전 발생 대응] 군사 던전 발생 대응 공고는 전쟁터에서 드러난 미지, 잔향, 유물, 오염 병기, 실종 기록을 조사하는 공고다. 주요 목표는 전장에 남은 미지 현상과 위험 기록을 확보하되 전쟁의 승패에는 개입하지 않는다. 확인해야 할 미지는 전쟁 피해 속에서 드러난 이상이 전술적 사건인지, 미지 현상인지 확인해야 한다. 실패 시 조사가 전쟁 개입으로 오해받거나 핵심 증거가 은폐된다."
69,notice_069_solver_전시_오염_병기_추적,solver,해결사,전쟁·전장 조사,전시 오염 병기 추적,중급~상급,"전시 오염 병기 추적 공고는 전쟁터에서 드러난 미지, 잔향, 유물, 오염 병기, 실종 기록을 조사하는 공고다.",전장에 남은 미지 현상과 위험 기록을 확보하되 전쟁의 승패에는 개입하지 않는다.,"현장은 '전시 오염 병기 추적' 성격의 사건으로 분류되며, 전쟁터에서 드러난 미지, 잔향, 유물, 오염 병기, 실종 기록을 조사하는 공고다.","전쟁 피해 속에서 드러난 이상이 전술적 사건인지, 미지 현상인지 확인해야 한다.",교전 세력은 연맹 조사를 정찰·첩보 행위로 오해할 수 있다.,"전장 좌표, 잔향 기록, 유물·병기 증거, 실종 기록",조사가 전쟁 개입으로 오해받거나 핵심 증거가 은폐된다.,"민간 피해가 우선될 경우 전시 민생·구호로 전환하고, 오염 병기가 확인되면 정제·자원으로 확장한다.","[전시 오염 병기 추적] 전시 오염 병기 추적 공고는 전쟁터에서 드러난 미지, 잔향, 유물, 오염 병기, 실종 기록을 조사하는 공고다. 주요 목표는 전장에 남은 미지 현상과 위험 기록을 확보하되 전쟁의 승패에는 개입하지 않는다. 확인해야 할 미지는 전쟁 피해 속에서 드러난 이상이 전술적 사건인지, 미지 현상인지 확인해야 한다. 실패 시 조사가 전쟁 개입으로 오해받거나 핵심 증거가 은폐된다."
70,notice_070_solver_실종_부대_기록_회수,solver,해결사,전쟁·전장 조사,실종 부대 기록 회수,중급~상급,"실종 부대 기록 회수 공고는 전쟁터에서 드러난 미지, 잔향, 유물, 오염 병기, 실종 기록을 조사하는 공고다.",전장에 남은 미지 현상과 위험 기록을 확보하되 전쟁의 승패에는 개입하지 않는다.,"현장은 '실종 부대 기록 회수' 성격의 사건으로 분류되며, 전쟁터에서 드러난 미지, 잔향, 유물, 오염 병기, 실종 기록을 조사하는 공고다.","전쟁 피해 속에서 드러난 이상이 전술적 사건인지, 미지 현상인지 확인해야 한다.",교전 세력은 연맹 조사를 정찰·첩보 행위로 오해할 수 있다.,"전장 좌표, 잔향 기록, 유물·병기 증거, 실종 기록",조사가 전쟁 개입으로 오해받거나 핵심 증거가 은폐된다.,"민간 피해가 우선될 경우 전시 민생·구호로 전환하고, 오염 병기가 확인되면 정제·자원으로 확장한다.","[실종 부대 기록 회수] 실종 부대 기록 회수 공고는 전쟁터에서 드러난 미지, 잔향, 유물, 오염 병기, 실종 기록을 조사하는 공고다. 주요 목표는 전장에 남은 미지 현상과 위험 기록을 확보하되 전쟁의 승패에는 개입하지 않는다. 확인해야 할 미지는 전쟁 피해 속에서 드러난 이상이 전술적 사건인지, 미지 현상인지 확인해야 한다. 실패 시 조사가 전쟁 개입으로 오해받거나 핵심 증거가 은폐된다."
71,notice_071_solver_전쟁_피난민_구조,solver,해결사,전시 민생·구호,전쟁 피난민 구조,하급~중급,전쟁 피난민 구조 공고는 전쟁 참여가 아니라 민간인 피해 최소화를 목적으로 한 구호 공고다.,전쟁 피해를 입은 민간인을 구조하고 대피·치료·정화 경로를 확보한다.,"현장은 '전쟁 피난민 구조' 성격의 사건으로 분류되며, 전쟁 참여가 아니라 민간인 피해 최소화를 목적으로 한 구호 공고다.","민간 피해가 전쟁의 직접 결과인지, 잔향·오염·공간 왜곡이 결합된 재난인지 확인해야 한다.",전선 변화와 피난민 혼란 때문에 구조 우선순위를 계속 재조정해야 한다.,"피난민 명단, 대피 경로, 부상자 기록, 민간 구역 오염 판정",민간인 피해가 확대되거나 피난 경로가 끊긴다.,피난로와 구호 거점이 안정되면 전장 조사 또는 문명권 안전 관리로 후속 전환한다.,"[전쟁 피난민 구조] 전쟁 피난민 구조 공고는 전쟁 참여가 아니라 민간인 피해 최소화를 목적으로 한 구호 공고다. 주요 목표는 전쟁 피해를 입은 민간인을 구조하고 대피·치료·정화 경로를 확보한다. 확인해야 할 미지는 민간 피해가 전쟁의 직접 결과인지, 잔향·오염·공간 왜곡이 결합된 재난인지 확인해야 한다. 실패 시 민간인 피해가 확대되거나 피난 경로가 끊긴다."
72,notice_072_solver_민간_대피로_확보,solver,해결사,전시 민생·구호,민간 대피로 확보,하급~중급,민간 대피로 확보 공고는 전쟁 참여가 아니라 민간인 피해 최소화를 목적으로 한 구호 공고다.,전쟁 피해를 입은 민간인을 구조하고 대피·치료·정화 경로를 확보한다.,"현장은 '민간 대피로 확보' 성격의 사건으로 분류되며, 전쟁 참여가 아니라 민간인 피해 최소화를 목적으로 한 구호 공고다.","민간 피해가 전쟁의 직접 결과인지, 잔향·오염·공간 왜곡이 결합된 재난인지 확인해야 한다.",전선 변화와 피난민 혼란 때문에 구조 우선순위를 계속 재조정해야 한다.,"피난민 명단, 대피 경로, 부상자 기록, 민간 구역 오염 판정",민간인 피해가 확대되거나 피난 경로가 끊긴다.,피난로와 구호 거점이 안정되면 전장 조사 또는 문명권 안전 관리로 후속 전환한다.,"[민간 대피로 확보] 민간 대피로 확보 공고는 전쟁 참여가 아니라 민간인 피해 최소화를 목적으로 한 구호 공고다. 주요 목표는 전쟁 피해를 입은 민간인을 구조하고 대피·치료·정화 경로를 확보한다. 확인해야 할 미지는 민간 피해가 전쟁의 직접 결과인지, 잔향·오염·공간 왜곡이 결합된 재난인지 확인해야 한다. 실패 시 민간인 피해가 확대되거나 피난 경로가 끊긴다."
73,notice_073_solver_전시_구호_거점_방어,solver,해결사,전시 민생·구호,전시 구호 거점 방어,하급~중급,전시 구호 거점 방어 공고는 전쟁 참여가 아니라 민간인 피해 최소화를 목적으로 한 구호 공고다.,전쟁 피해를 입은 민간인을 구조하고 대피·치료·정화 경로를 확보한다.,"현장은 '전시 구호 거점 방어' 성격의 사건으로 분류되며, 전쟁 참여가 아니라 민간인 피해 최소화를 목적으로 한 구호 공고다.","민간 피해가 전쟁의 직접 결과인지, 잔향·오염·공간 왜곡이 결합된 재난인지 확인해야 한다.",전선 변화와 피난민 혼란 때문에 구조 우선순위를 계속 재조정해야 한다.,"피난민 명단, 대피 경로, 부상자 기록, 민간 구역 오염 판정",민간인 피해가 확대되거나 피난 경로가 끊긴다.,피난로와 구호 거점이 안정되면 전장 조사 또는 문명권 안전 관리로 후속 전환한다.,"[전시 구호 거점 방어] 전시 구호 거점 방어 공고는 전쟁 참여가 아니라 민간인 피해 최소화를 목적으로 한 구호 공고다. 주요 목표는 전쟁 피해를 입은 민간인을 구조하고 대피·치료·정화 경로를 확보한다. 확인해야 할 미지는 민간 피해가 전쟁의 직접 결과인지, 잔향·오염·공간 왜곡이 결합된 재난인지 확인해야 한다. 실패 시 민간인 피해가 확대되거나 피난 경로가 끊긴다."
74,notice_074_solver_전시_민간_구역_정화,solver,해결사,전시 민생·구호,전시 민간 구역 정화,하급~중급,전시 민간 구역 정화 공고는 전쟁 참여가 아니라 민간인 피해 최소화를 목적으로 한 구호 공고다.,전쟁 피해를 입은 민간인을 구조하고 대피·치료·정화 경로를 확보한다.,"현장은 '전시 민간 구역 정화' 성격의 사건으로 분류되며, 전쟁 참여가 아니라 민간인 피해 최소화를 목적으로 한 구호 공고다.","민간 피해가 전쟁의 직접 결과인지, 잔향·오염·공간 왜곡이 결합된 재난인지 확인해야 한다.",전선 변화와 피난민 혼란 때문에 구조 우선순위를 계속 재조정해야 한다.,"피난민 명단, 대피 경로, 부상자 기록, 민간 구역 오염 판정",민간인 피해가 확대되거나 피난 경로가 끊긴다.,피난로와 구호 거점이 안정되면 전장 조사 또는 문명권 안전 관리로 후속 전환한다.,"[전시 민간 구역 정화] 전시 민간 구역 정화 공고는 전쟁 참여가 아니라 민간인 피해 최소화를 목적으로 한 구호 공고다. 주요 목표는 전쟁 피해를 입은 민간인을 구조하고 대피·치료·정화 경로를 확보한다. 확인해야 할 미지는 민간 피해가 전쟁의 직접 결과인지, 잔향·오염·공간 왜곡이 결합된 재난인지 확인해야 한다. 실패 시 민간인 피해가 확대되거나 피난 경로가 끊긴다."
75,notice_075_solver_실종_민간인_수색,solver,해결사,전시 민생·구호,실종 민간인 수색,하급~중급,실종 민간인 수색 공고는 전쟁 참여가 아니라 민간인 피해 최소화를 목적으로 한 구호 공고다.,전쟁 피해를 입은 민간인을 구조하고 대피·치료·정화 경로를 확보한다.,"현장은 '실종 민간인 수색' 성격의 사건으로 분류되며, 전쟁 참여가 아니라 민간인 피해 최소화를 목적으로 한 구호 공고다.","민간 피해가 전쟁의 직접 결과인지, 잔향·오염·공간 왜곡이 결합된 재난인지 확인해야 한다.",전선 변화와 피난민 혼란 때문에 구조 우선순위를 계속 재조정해야 한다.,"피난민 명단, 대피 경로, 부상자 기록, 민간 구역 오염 판정",민간인 피해가 확대되거나 피난 경로가 끊긴다.,피난로와 구호 거점이 안정되면 전장 조사 또는 문명권 안전 관리로 후속 전환한다.,"[실종 민간인 수색] 실종 민간인 수색 공고는 전쟁 참여가 아니라 민간인 피해 최소화를 목적으로 한 구호 공고다. 주요 목표는 전쟁 피해를 입은 민간인을 구조하고 대피·치료·정화 경로를 확보한다. 확인해야 할 미지는 민간 피해가 전쟁의 직접 결과인지, 잔향·오염·공간 왜곡이 결합된 재난인지 확인해야 한다. 실패 시 민간인 피해가 확대되거나 피난 경로가 끊긴다."
